Timestamp,User Count,Type,Name,Requests/s,Failures/s,50%,66%,75%,80%,90%,95%,98%,99%,99.9%,99.99%,100%,Total Request Count,Total Failure Count,Total Median Response Time,Total Average Response Time,Total Min Response Time,Total Max Response Time,Total Average Content Size
1776928299,0,,Aggregated,0.000000,0.000000,N/A,N/A,N/A,N/A,N/A,N/A,N/A,N/A,N/A,N/A,N/A,0,0,0,0.0,0,0,0
1776928300,10,,Aggregated,0.000000,0.000000,410,410,420,420,420,490,490,490,490,490,490,15,0,410.0,346.9693158670755,197.7285100001609,485.32727000019804,4515.0
1776928301,20,,Aggregated,0.000000,0.000000,220,400,410,410,420,450,490,490,490,490,490,50,0,220.0,293.35268684004404,191.25128400082758,485.32727000019804,4515.0
1776928302,30,,Aggregated,0.000000,0.000000,220,230,390,400,410,440,460,490,560,560,560,110,0,220.0,270.1776412454406,191.25128400082758,557.1744259996194,4515.0
1776928303,40,,Aggregated,10.500000,0.000000,220,240,280,400,410,440,490,500,560,560,560,184,0,220.0,265.65730648910534,191.25128400082758,557.1744259996194,4515.0
1776928303,50,,Aggregated,10.500000,0.000000,220,230,240,300,410,430,480,500,560,560,560,274,0,220.0,257.15267758760024,191.25128400082758,557.1744259996194,4515.0
1776928304,50,,Aggregated,20.333333,0.000000,220,220,230,240,400,420,450,490,560,560,560,375,0,220.0,246.77320106405628,191.25128400082758,557.1744259996194,4515.0
1776928305,50,,Aggregated,37.750000,0.000000,220,220,230,240,390,410,440,490,560,560,560,474,0,220.0,240.625768955746,191.25128400082758,557.1744259996194,4515.0
1776928306,50,,Aggregated,65.400000,0.000000,220,220,230,230,290,410,440,480,560,560,560,572,0,220.0,236.99593240039226,191.25128400082758,557.1744259996194,4515.0
1776928307,50,,Aggregated,72.333333,0.000000,220,220,230,240,300,410,440,460,560,560,560,661,0,220.0,238.568589608213,191.25128400082758,557.1744259996194,4515.0
1776928308,50,,Aggregated,75.571429,0.000000,220,220,230,230,280,400,430,460,560,560,560,764,0,220.0,236.15981103931261,191.25128400082758,557.1744259996194,4515.0
1776928309,50,,Aggregated,78.125000,0.000000,220,220,230,230,270,400,430,450,560,560,560,859,0,220.0,234.38431920842564,191.25128400082758,557.1744259996194,4515.0
1776928310,50,,Aggregated,79.888889,0.000000,220,220,230,230,260,400,420,450,560,560,560,958,0,220.0,232.76796346245627,191.25128400082758,557.1744259996194,4515.0
1776928311,50,,Aggregated,82.100000,0.000000,220,220,230,230,260,380,420,440,500,560,560,1048,0,220.0,232.23108100386034,191.25128400082758,557.1744259996194,4515.0
1776928312,50,,Aggregated,91.300000,0.000000,220,220,230,230,260,330,420,440,500,560,560,1148,0,220.0,231.92481931973566,191.25128400082758,557.1744259996194,4515.0
1776928313,50,,Aggregated,98.500000,0.000000,220,220,230,230,260,310,410,440,500,560,560,1241,0,220.0,231.04994666966152,191.25128400082758,557.1744259996194,4515.0
1776928314,50,,Aggregated,104.200000,0.000000,220,220,230,230,250,300,410,440,500,560,560,1338,0,220.0,230.27919130422472,191.25128400082758,557.1744259996194,4515.0
1776928315,50,,Aggregated,104.300000,0.000000,220,220,230,230,250,300,410,430,500,560,560,1433,0,220.0,229.5992805401628,191.25128400082758,557.1744259996194,4515.0
1776928316,50,,Aggregated,96.500000,0.000000,220,220,230,230,250,300,410,430,500,560,560,1527,0,220.0,229.5569930150938,191.25128400082758,557.1744259996194,4515.0
1776928317,50,,Aggregated,95.300000,0.000000,220,220,230,230,250,290,410,430,500,560,560,1622,0,220.0,228.94320348400075,191.25128400082758,557.1744259996194,4515.0
1776928318,50,,Aggregated,95.400000,0.000000,220,220,230,230,250,290,410,430,500,560,560,1723,0,220.0,228.69437552526438,191.25128400082758,557.1744259996194,4515.0
1776928319,50,,Aggregated,95.200000,0.000000,220,220,230,230,250,290,400,420,500,560,560,1821,0,220.0,228.6228957479594,191.25128400082758,557.1744259996194,4515.0
1776928320,50,,Aggregated,95.700000,0.000000,220,220,230,230,250,290,400,420,500,560,560,1913,0,220.0,228.12846402354205,191.25128400082758,557.1744259996194,4515.0
1776928321,50,,Aggregated,95.200000,0.000000,220,220,230,230,250,290,400,420,500,560,560,2011,0,220.0,228.20513120190606,191.25128400082758,557.1744259996194,4515.0
1776928322,50,,Aggregated,95.900000,0.000000,220,220,230,230,250,290,400,420,500,560,560,2103,0,220.0,228.4834685701518,191.25128400082758,557.1744259996194,4515.0
1776928323,50,,Aggregated,95.600000,0.000000,220,220,230,230,260,300,400,420,500,560,560,2195,0,220.0,229.4317782820194,191.25128400082758,557.1744259996194,4515.0
1776928324,50,,Aggregated,95.700000,0.000000,220,220,230,240,270,320,400,420,500,560,560,2267,0,220.0,231.5434794781809,191.25128400082758,557.1744259996194,4515.0
1776928325,50,,Aggregated,96.000000,0.000000,220,220,230,240,280,340,420,450,500,560,560,2368,0,220.0,234.2853897875989,191.25128400082758,557.1744259996194,4515.0
1776928326,50,,Aggregated,95.000000,0.000000,220,220,230,240,280,350,410,450,500,560,560,2458,0,220.0,235.03045796380715,191.25128400082758,557.1744259996194,4515.0
1776928327,50,,Aggregated,92.900000,0.000000,220,220,230,240,280,340,410,440,500,560,560,2549,0,220.0,234.9291638587871,191.25128400082758,557.1744259996194,4515.0
1776928328,50,,Aggregated,92.900000,0.000000,220,230,230,240,280,340,410,450,560,670,670,2647,0,220.0,235.2551525583853,191.25128400082758,672.3081710006227,4515.0
1776928329,50,,Aggregated,92.900000,0.000000,220,230,230,240,280,340,410,440,560,670,670,2736,0,220.0,235.08259955776404,191.25128400082758,672.3081710006227,4515.0
1776928330,50,,Aggregated,92.200000,0.000000,220,230,230,240,280,340,410,440,560,670,670,2831,0,220.0,235.20467421336764,191.25128400082758,672.3081710006227,4515.0
1776928331,50,,Aggregated,91.900000,0.000000,220,230,230,240,280,340,410,440,560,670,670,2922,0,220.0,235.09750637543755,191.25128400082758,672.3081710006227,4515.0
1776928332,50,,Aggregated,90.600000,0.000000,220,230,230,240,280,330,410,440,500,670,670,3012,0,220.0,235.20049317198874,191.25128400082758,672.3081710006227,4515.0
1776928333,50,,Aggregated,91.500000,0.000000,220,230,230,240,280,340,410,440,500,670,670,3100,0,220.0,235.6316330993634,191.25128400082758,672.3081710006227,4515.0
1776928334,50,,Aggregated,90.800000,0.000000,220,230,240,240,280,330,410,440,500,670,670,3192,0,220.0,235.68126074624718,191.25128400082758,672.3081710006227,4515.0
1776928334,50,,Aggregated,90.800000,0.000000,220,230,240,240,280,330,410,440,500,670,670,3282,0,220.0,235.3959431535716,191.25128400082758,672.3081710006227,4515.0
1776928335,50,,Aggregated,89.700000,0.000000,220,230,230,240,280,320,400,440,500,670,670,3381,0,220.0,235.10012150873462,191.25128400082758,672.3081710006227,4515.0
1776928336,50,,Aggregated,91.100000,0.000000,220,230,240,240,280,320,400,440,500,670,670,3476,0,220.0,235.08809196951594,191.25128400082758,672.3081710006227,4515.0
1776928337,50,,Aggregated,102.800000,0.000000,220,230,240,240,280,330,400,440,560,670,670,3572,0,220.0,235.75650291126345,191.25128400082758,672.3081710006227,4515.0
1776928338,50,,Aggregated,105.700000,0.000000,220,230,240,240,280,320,400,440,560,670,670,3658,0,220.0,235.51391107983446,191.25128400082758,672.3081710006227,4515.0
1776928339,50,,Aggregated,105.100000,0.000000,220,230,240,240,280,320,400,430,560,670,670,3761,0,220.0,235.18568191412436,191.25128400082758,672.3081710006227,4515.0
1776928340,50,,Aggregated,105.000000,0.000000,220,230,240,240,280,330,400,440,560,670,670,3845,0,220.0,235.8432705596943,191.25128400082758,672.3081710006227,4515.0
1776928341,50,,Aggregated,104.800000,0.000000,220,230,240,250,280,340,400,430,560,670,670,3929,0,220.0,236.45328199211778,191.25128400082758,672.3081710006227,4515.0
1776928342,50,,Aggregated,105.500000,0.000000,220,230,240,250,280,330,400,430,500,670,670,4033,0,220.0,236.13667413811854,191.25128400082758,672.3081710006227,4515.0
1776928343,50,,Aggregated,104.300000,0.000000,220,230,240,240,280,330,400,430,500,670,670,4122,0,220.0,235.93973153809543,191.25128400082758,672.3081710006227,4515.0
1776928344,50,,Aggregated,104.700000,0.000000,220,230,240,250,280,330,400,430,500,670,670,4213,0,220.0,236.0453187522013,191.25128400082758,672.3081710006227,4515.0
1776928345,50,,Aggregated,105.400000,0.000000,220,230,240,250,280,330,400,430,500,670,670,4312,0,220.0,235.96573015608465,191.25128400082758,672.3081710006227,4515.0
1776928346,50,,Aggregated,104.700000,0.000000,220,230,240,250,280,330,400,430,500,670,670,4401,0,220.0,235.81056608203747,191.25128400082758,672.3081710006227,4515.0
1776928347,50,,Aggregated,95.000000,0.000000,220,230,240,240,280,330,400,430,500,670,670,4493,0,220.0,235.57187873960552,191.25128400082758,672.3081710006227,4515.0
1776928348,50,,Aggregated,91.700000,0.000000,220,230,240,240,280,320,400,430,500,670,670,4592,0,220.0,235.41504161281478,191.25128400082758,672.3081710006227,4515.0
1776928349,50,,Aggregated,92.300000,0.000000,220,230,240,240,280,320,400,420,500,670,670,4687,0,220.0,235.14176300513037,191.25128400082758,672.3081710006227,4515.0
1776928350,50,,Aggregated,92.900000,0.000000,220,230,240,240,280,320,400,420,500,670,670,4791,0,220.0,235.013440163859,191.25128400082758,672.3081710006227,4515.0
1776928351,50,,Aggregated,93.200000,0.000000,220,230,240,240,280,320,400,420,500,670,670,4882,0,220.0,234.85476537014455,191.25128400082758,672.3081710006227,4515.0
1776928352,50,,Aggregated,93.700000,0.000000,220,230,240,240,270,320,400,420,500,670,670,4975,0,220.0,234.6665704357874,191.25128400082758,672.3081710006227,4515.0
1776928353,50,,Aggregated,94.200000,0.000000,220,230,240,240,270,320,400,420,500,670,670,5079,0,220.0,234.46949686632306,191.25128400082758,672.3081710006227,4515.0
1776928354,50,,Aggregated,94.300000,0.000000,220,230,230,240,270,320,400,420,500,670,670,5167,0,220.0,234.24169913722662,191.25128400082758,672.3081710006227,4515.0
1776928355,50,,Aggregated,95.200000,0.000000,220,230,230,240,270,320,400,420,500,670,670,5267,10,220.0,233.84516331195147,19.93743499951961,672.3081710006227,4506.427757736852
1776928356,50,,Aggregated,94.800000,0.000000,220,230,230,240,270,320,400,420,500,670,670,5360,12,220.0,234.27452606717347,19.93743499951961,672.3081710006227,4504.891791044776
1776928357,50,,Aggregated,95.900000,1.000000,220,230,230,240,270,320,400,420,560,1400,1400,5454,12,220.0,234.22087969362906,19.93743499951961,1427.3175229991466,4505.06600660066
1776928358,50,,Aggregated,95.300000,1.200000,220,230,230,240,270,320,400,420,560,1400,1400,5548,12,220.0,234.04549397153255,19.93743499951961,1427.3175229991466,4505.234318673396
1776928359,50,,Aggregated,95.200000,1.200000,220,230,230,240,270,320,400,420,560,1400,1400,5648,12,220.0,233.81029038846617,19.93743499951961,1427.3175229991466,4505.407223796034
1776928360,50,,Aggregated,95.600000,1.200000,220,230,230,240,270,310,400,420,560,1400,1400,5741,12,220.0,233.53476691657593,19.93743499951961,1427.3175229991466,4505.562619752656
1776928361,50,,Aggregated,95.100000,1.200000,220,230,230,240,270,310,400,420,560,1400,1400,5837,12,220.0,233.31946905311858,19.93743499951961,1427.3175229991466,4505.717834504026
1776928362,50,,Aggregated,95.200000,1.200000,220,230,230,240,270,310,400,420,560,1400,1400,5933,12,220.0,233.16244813889395,19.93743499951961,1427.3175229991466,4505.868026293612
1776928363,50,,Aggregated,95.200000,1.200000,220,230,230,240,270,310,390,420,500,1400,1400,6027,12,220.0,233.11267197628263,19.93743499951961,1427.3175229991466,4506.010452961673
1776928364,50,,Aggregated,95.200000,1.200000,220,230,230,240,270,310,390,420,500,1400,1400,6121,12,220.0,233.04241495475384,19.93743499951961,1427.3175229991466,4506.148505146218
1776928365,50,,Aggregated,94.900000,1.200000,220,230,230,240,270,310,390,420,500,1400,1400,6221,12,220.0,232.9713996814085,19.93743499951961,1427.3175229991466,4506.290789262176
1776928366,50,,Aggregated,95.300000,1.200000,220,230,230,240,270,310,390,420,500,1400,1400,6314,12,220.0,232.8679097073235,19.93743499951961,1427.3175229991466,4506.4190687361415
1776928365,50,,Aggregated,94.900000,1.200000,220,230,230,240,270,310,390,420,500,1400,1400,6416,12,220.0,232.64929898551247,19.93743499951961,1427.3175229991466,4506.555486284289
1776928366,50,,Aggregated,95.300000,1.200000,220,230,230,240,270,310,390,410,500,1400,1400,6506,12,220.0,232.47749113342306,19.93743499951961,1427.3175229991466,4506.672302490009
1776928367,50,,Aggregated,94.600000,0.200000,220,230,230,240,270,300,390,410,500,1400,1400,6604,12,220.0,232.26873242611418,19.93743499951961,1427.3175229991466,4506.795881284071
1776928368,50,,Aggregated,106.300000,0.000000,220,230,230,240,270,300,390,410,500,1400,1400,6700,12,220.0,232.0935683858289,19.93743499951961,1427.3175229991466,4506.9134328358205
1776928369,50,,Aggregated,109.100000,0.000000,220,230,230,240,270,300,390,410,500,1400,1400,6798,12,220.0,231.93483485599182,19.93743499951961,1427.3175229991466,4507.030008826126
1776928370,50,,Aggregated,108.400000,0.000000,220,230,230,240,270,300,390,410,560,1400,1400,6892,12,220.0,231.89139867339392,19.93743499951961,1427.3175229991466,4507.138711549623
1776928371,50,,Aggregated,108.900000,0.000000,220,230,230,240,270,300,390,410,560,1400,1400,6994,12,220.0,231.79714514527092,19.93743499951961,1427.3175229991466,4507.253360022877
1776928372,50,,Aggregated,109.200000,0.000000,220,220,230,240,270,300,390,410,500,1400,1400,7081,12,220.0,231.7339484692873,19.93743499951961,1427.3175229991466,4507.348538342042
1776928373,50,,Aggregated,109.100000,0.000000,220,230,230,240,270,300,390,410,500,1400,1400,7179,12,220.0,231.9083307629235,19.93743499951961,1427.3175229991466,4507.452987881321
1776928374,50,,Aggregated,109.300000,0.000000,220,230,230,240,270,310,390,410,560,1400,1400,7265,12,220.0,232.4143998598798,19.93743499951961,1427.3175229991466,4507.542326221611
1776928375,50,,Aggregated,109.200000,0.000000,220,230,230,240,270,310,390,410,560,1400,1400,7361,12,220.0,232.45905746013233,19.93743499951961,1427.3175229991466,4507.639587012634
1776928376,80,,Aggregated,108.400000,0.000000,220,230,230,240,270,320,400,430,650,1400,1400,7495,19,220.0,233.9390975279564,19.93743499951961,1427.3175229991466,4503.55436957972
1776928377,110,,Aggregated,107.800000,0.000000,220,230,230,240,280,330,400,440,650,1400,1400,7660,29,220.0,235.09532651083933,19.93743499951961,1427.3175229991466,4497.906657963446
1776928378,140,,Aggregated,96.600000,0.000000,220,230,230,240,280,360,430,480,840,1400,1400,7891,29,220.0,238.33187091345144,19.93743499951961,1427.3175229991466,4498.407046001774
1776928379,150,,Aggregated,98.800000,0.700000,220,230,240,250,290,390,450,490,850,1500,1500,8132,29,220.0,240.2957164595512,19.93743499951961,1460.5537039988121,4498.898794884407
1776928380,150,,Aggregated,106.800000,1.700000,220,230,240,250,300,390,450,490,850,1500,1500,8392,29,220.0,241.55679023761488,19.93743499951961,1460.5537039988121,4499.397640610105
1776928381,150,,Aggregated,120.600000,1.700000,220,230,240,250,300,400,470,600,850,1500,1500,8627,29,220.0,244.71775939376963,19.93743499951961,1460.5537039988121,4499.822649820331
1776928382,150,,Aggregated,134.800000,1.700000,220,230,240,250,310,400,500,640,850,1500,1500,8830,29,220.0,247.37143868698257,19.93743499951961,1460.5537039988121,4500.171574178936
1776928383,150,,Aggregated,150.500000,1.700000,220,230,240,250,330,410,540,710,970,1500,1500,9026,29,220.0,250.92739906238177,19.93743499951961,1460.5537039988121,4500.493574119211
1776928384,150,,Aggregated,164.400000,1.700000,220,230,240,260,340,420,600,800,1200,1500,1500,9208,29,220.0,255.9705456642117,19.93743499951961,1460.5537039988121,4500.780299739357
1776928385,150,,Aggregated,175.100000,1.700000,220,230,250,260,360,440,710,950,1200,1500,1500,9420,29,220.0,260.62841572049535,19.93743499951961,1460.5537039988121,4501.100318471337
1776928386,150,,Aggregated,185.400000,1.700000,220,230,250,260,370,460,740,940,1200,1500,1500,9658,29,220.0,263.49855895134164,19.93743499951961,1460.5537039988121,4501.442845309588
1776928387,150,,Aggregated,194.900000,1.700000,220,230,250,270,380,470,730,940,1200,1500,1500,9919,29,220.0,264.9340627259851,19.93743499951961,1460.5537039988121,4501.799576570219
1776928388,150,,Aggregated,207.300000,1.700000,220,230,250,270,380,470,730,930,1200,1400,1500,10173,29,220.0,265.20583753081917,19.93743499951961,1460.5537039988121,4502.129165437924
1776928389,150,,Aggregated,216.500000,1.000000,220,230,250,270,380,470,720,920,1200,1400,1500,10408,29,220.0,266.16703113605234,19.93743499951961,1460.5537039988121,4502.419773251345
1776928390,150,,Aggregated,224.900000,0.000000,220,230,250,270,390,480,710,920,1200,1400,1500,10665,29,220.0,267.2681680299142,19.93743499951961,1460.5537039988121,4502.722925457103
1776928391,150,,Aggregated,226.800000,0.000000,220,230,260,280,390,490,700,910,1200,1400,1500,10880,29,220.0,268.77838781287056,19.93743499951961,1460.5537039988121,4502.965533088235
1776928392,150,,Aggregated,226.800000,0.000000,220,240,260,280,400,510,720,900,1200,1400,1500,11119,29,220.0,270.5404325785606,19.93743499951961,1460.5537039988121,4503.224210810325
1776928393,150,,Aggregated,226.000000,0.000000,220,240,260,280,400,530,720,900,1200,1400,1500,11352,29,220.0,272.1759998029413,19.93743499951961,1460.5537039988121,4503.465909090909
1776928394,150,,Aggregated,224.000000,0.000000,220,240,260,280,410,530,720,890,1200,1400,1500,11615,29,220.0,272.73357250297016,19.93743499951961,1460.5537039988121,4503.7270770555315
1776928395,150,,Aggregated,227.600000,0.000000,220,240,260,280,410,550,710,880,1200,1400,1500,11851,29,220.0,274.0126363147419,19.93743499951961,1460.5537039988121,4503.951565268753
1776928396,150,,Aggregated,233.300000,0.000000,220,240,260,280,410,550,710,880,1200,1400,1500,12092,29,220.0,274.66229976629234,19.93743499951961,1460.5537039988121,4504.1717664571615
1776928396,150,,Aggregated,233.300000,0.000000,220,240,260,290,420,560,710,880,1200,1400,1500,12342,29,220.0,275.6209368953987,19.93743499951961,1460.5537039988121,4504.391103548857
1776928397,150,,Aggregated,239.800000,0.000000,220,240,260,290,430,570,720,870,1200,1400,1500,12560,29,220.0,276.64479265597305,19.93743499951961,1460.5537039988121,4504.575238853503
1776928398,150,,Aggregated,241.400000,0.000000,220,240,260,290,440,580,720,870,1200,1400,1500,12801,29,220.0,277.8776388107973,19.93743499951961,1460.5537039988121,4504.771502226388
1776928399,150,,Aggregated,266.500000,0.000000,220,240,260,290,440,580,720,870,1200,1400,1500,13071,29,220.0,278.38963961181355,19.93743499951961,1460.5537039988121,4504.982786320863
1776928400,150,,Aggregated,274.100000,0.000000,220,240,260,290,440,570,720,860,1200,1400,1500,13321,29,220.0,278.37864529532567,19.93743499951961,1460.5537039988121,4505.170782974251
1776928401,150,,Aggregated,274.100000,0.000000,220,240,260,300,440,570,720,860,1200,1400,1500,13564,29,220.0,279.17541250442787,19.93743499951961,1460.5537039988121,4505.346874078443
1776928402,150,,Aggregated,275.500000,0.000000,220,240,270,300,450,580,720,860,1200,1400,1500,13784,29,220.0,280.22099118333256,19.93743499951961,1460.5537039988121,4505.500943122461
1776928403,150,,Aggregated,275.800000,0.000000,220,240,270,300,450,590,720,850,1200,1400,1500,14018,29,220.0,281.5271027526785,19.93743499951961,1460.5537039988121,4505.659509202454
1776928404,150,,Aggregated,277.000000,0.000000,220,240,270,310,460,580,720,850,1200,1400,1500,14257,29,220.0,281.9837648853939,19.93743499951961,1460.5537039988121,4505.8160903415865
1776928405,150,,Aggregated,274.600000,0.000000,220,240,270,310,460,580,720,840,1200,1400,1500,14502,29,220.0,282.68539545745733,19.93743499951961,1460.5537039988121,4505.9712453454695
1776928406,150,,Aggregated,275.400000,0.000000,220,240,270,310,470,590,720,840,1200,1400,1500,14757,29,220.0,283.55610146723967,19.93743499951961,1460.5537039988121,4506.127261638544
1776928407,150,,Aggregated,274.500000,0.000000,220,240,270,310,470,580,710,840,1200,1400,1500,14995,29,220.0,283.8569655367156,19.93743499951961,1460.5537039988121,4506.268089363121
1776928408,150,,Aggregated,275.000000,0.000000,220,240,270,320,470,580,710,840,1200,1400,1500,15237,29,220.0,284.2755204403789,19.93743499951961,1460.5537039988121,4506.406772986808
1776928409,150,,Aggregated,251.200000,0.000000,220,240,270,320,480,580,710,830,1200,1400,1500,15482,29,220.0,284.9130472988013,19.93743499951961,1460.5537039988121,4506.54275933342
1776928410,150,,Aggregated,242.900000,0.000000,220,240,270,330,480,580,710,820,1200,1400,1500,15733,29,220.0,285.30973547499104,19.93743499951961,1460.5537039988121,4506.677683849234
1776928411,150,,Aggregated,241.800000,0.000000,220,240,270,330,480,590,710,820,1200,1400,1500,15973,29,220.0,286.25647236831054,19.93743499951961,1460.5537039988121,4506.80272960621
1776928412,150,,Aggregated,240.500000,0.000000,220,240,280,330,490,590,700,810,1200,1400,1500,16215,29,220.0,286.64034161245957,19.93743499951961,1460.5537039988121,4506.925069380203
1776928413,150,,Aggregated,239.300000,0.000000,220,240,280,330,480,580,700,800,1200,1400,1500,16487,29,220.0,286.4588344820175,19.93743499951961,1460.5537039988121,4507.058288348396
1776928414,150,,Aggregated,240.700000,0.000000,220,240,280,330,480,580,700,800,1200,1400,1500,16751,29,220.0,285.9584324804509,19.93743499951961,1460.5537039988121,4507.183451734225
1776928415,150,,Aggregated,245.200000,0.000000,220,240,280,330,480,580,700,800,1200,1400,1500,17011,29,220.0,285.77556876127414,19.93743499951961,1460.5537039988121,4507.30292163894
1776928416,150,,Aggregated,246.900000,0.000000,220,250,280,340,470,580,700,790,1200,1400,1500,17279,29,220.0,285.6464640746012,19.93743499951961,1460.5537039988121,4507.422304531512
1776928417,150,,Aggregated,248.400000,0.000000,220,250,280,340,470,580,690,790,1200,1400,1500,17525,29,220.0,285.43460960730573,19.93743499951961,1460.5537039988121,4507.528673323823
1776928418,150,,Aggregated,251.500000,0.000000,220,250,280,340,470,570,690,790,1200,1400,1500,17779,29,220.0,285.812395543508,19.93743499951961,1460.5537039988121,4507.635412565386
1776928419,150,,Aggregated,251.600000,0.000000,220,250,280,340,470,570,690,780,1200,1400,1500,18013,29,220.0,285.853677282631,19.93743499951961,1460.5537039988121,4507.731083106645
1776928420,150,,Aggregated,252.100000,0.000000,220,250,280,340,480,580,690,780,1200,1400,1500,18248,29,220.0,286.5217729830134,19.93743499951961,1460.5537039988121,4507.824693117054
1776928421,150,,Aggregated,253.200000,0.000000,220,250,280,350,470,580,690,780,1200,1400,1500,18514,29,220.0,286.5007516448111,19.93743499951961,1460.5537039988121,4507.927784379389
1776928422,150,,Aggregated,250.500000,0.000000,220,250,290,350,470,570,690,780,1200,1400,1500,18765,29,220.0,286.39745856893256,19.93743499951961,1460.5537039988121,4508.022382094325
1776928423,150,,Aggregated,253.000000,0.000000,220,250,290,350,480,570,690,780,1200,1400,1500,19014,29,220.0,286.67933703108326,19.93743499951961,1460.5537039988121,4508.11375828337
1776928424,150,,Aggregated,253.900000,0.000000,220,250,290,350,470,570,680,780,1200,1400,1500,19269,29,220.0,286.63196303196935,19.93743499951961,1460.5537039988121,4508.204888681302
1776928425,150,,Aggregated,253.500000,0.000000,220,250,290,350,480,570,680,770,1200,1400,1500,19529,29,220.0,286.87396846556476,19.93743499951961,1460.5537039988121,4508.295355624968
1776928426,150,,Aggregated,252.100000,0.000000,220,250,290,350,470,570,680,770,1200,1400,1500,19806,29,220.0,286.4959700859858,19.93743499951961,1460.5537039988121,4508.389124507725
1776928427,150,,Aggregated,250.800000,0.000000,220,250,290,350,470,570,680,770,1200,1400,1500,20088,29,220.0,285.98194272849634,19.93743499951961,1460.5537039988121,4508.481929510155
1776928427,150,,Aggregated,250.800000,0.000000,220,250,290,350,470,570,680,770,1200,1400,1500,20366,29,220.0,285.62363089389356,19.93743499951961,1460.5537039988121,4508.570902484533
1776928428,150,,Aggregated,251.800000,0.000000,220,250,290,340,470,560,680,760,1200,1400,1500,20631,29,220.0,285.05496083083904,19.93743499951961,1460.5537039988121,4508.653482623237
1776928429,150,,Aggregated,252.900000,0.000000,230,250,290,350,470,560,670,760,1200,1400,1500,20879,29,230.0,284.9697057456782,19.93743499951961,1460.5537039988121,4508.728866325016
1776928430,150,,Aggregated,279.300000,0.000000,220,250,290,350,470,560,670,760,1200,1400,1500,21146,46,220.0,284.92962357008486,8.240930999818374,1460.5537039988121,4505.17828430909
1776928431,150,,Aggregated,293.300000,0.000000,230,250,290,350,470,560,670,760,1200,1400,1500,21352,48,230.0,285.575502057185,8.240930999818374,1460.5537039988121,4504.850131135257
1776928432,150,,Aggregated,297.300000,0.000000,230,250,290,350,470,560,670,760,1200,1400,1500,21584,48,230.0,286.4102476253258,8.240930999818374,1460.5537039988121,4504.9592290585615
1776928433,150,,Aggregated,295.500000,1.900000,230,250,290,350,480,570,680,780,1200,1400,1500,21810,48,230.0,287.4384240117396,8.240930999818374,1460.5537039988121,4505.063273727648
1776928434,150,,Aggregated,291.500000,1.900000,230,250,290,360,480,570,680,780,1200,1400,1500,22035,48,230.0,287.78064076828014,8.240930999818374,1460.5537039988121,4505.16473791695
1776928435,150,,Aggregated,288.800000,1.900000,230,250,290,360,480,580,690,780,1200,1400,1500,22266,48,230.0,288.76122039410075,8.240930999818374,1460.5537039988121,4505.266774454325
1776928436,150,,Aggregated,285.600000,1.900000,230,250,290,360,480,580,690,770,1200,1400,1500,22499,48,230.0,289.6348178902196,8.240930999818374,1460.5537039988121,4505.367571892084
1776928437,150,,Aggregated,284.100000,1.900000,230,250,300,360,480,580,690,770,1200,1400,1500,22748,48,230.0,289.9170697225715,8.240930999818374,1460.5537039988121,4505.473008616142
1776928438,150,,Aggregated,278.200000,1.900000,230,250,300,360,480,580,690,770,1200,1400,1500,23011,48,230.0,289.8161966139703,8.240930999818374,1460.5537039988121,4505.581895615141
1776928439,150,,Aggregated,277.500000,1.900000,230,250,300,360,480,580,690,770,1200,1400,1500,23286,48,230.0,289.4495536640934,8.240930999818374,1460.5537039988121,4505.693120329812
1776928440,150,,Aggregated,251.300000,1.900000,230,250,300,360,480,580,690,770,1200,1400,1500,23527,48,230.0,289.6122481825168,8.240930999818374,1460.5537039988121,4505.788455816722
1776928441,150,,Aggregated,238.700000,1.900000,230,250,300,360,480,580,690,770,1200,1400,1500,23727,48,230.0,290.228283589669,8.240930999818374,1460.5537039988121,4505.866101909217
1776928442,150,,Aggregated,238.000000,1.900000,230,250,300,360,490,590,700,770,1200,1400,1500,23955,48,230.0,291.2452498558579,8.240930999818374,1460.5537039988121,4505.953036944271
1776928443,150,,Aggregated,235.400000,0.000000,230,260,300,360,490,590,710,790,1200,1400,1500,24147,48,230.0,292.33438155473044,8.240930999818374,1460.5537039988121,4506.024972046217
1776928444,150,,Aggregated,237.000000,0.000000,230,260,300,360,490,590,720,840,1200,1400,1500,24328,48,230.0,293.6057157147767,8.240930999818374,1460.5537039988121,4506.09174613614
1776928445,150,,Aggregated,232.700000,0.000000,230,260,310,370,490,600,740,880,1200,1400,1500,24539,48,230.0,295.3270011319158,8.240930999818374,1460.5537039988121,4506.168344268308
1776928446,150,,Aggregated,230.200000,0.000000,230,260,310,370,500,610,760,930,1200,1400,1500,24744,48,230.0,296.66141888753145,8.240930999818374,1460.5537039988121,4506.2415130940835
1776928447,150,,Aggregated,227.200000,0.000000,230,260,310,370,500,610,760,920,1200,1400,1500,24979,48,230.0,297.1956446875415,8.240930999818374,1460.5537039988121,4506.323912086153
1776928448,150,,Aggregated,224.200000,0.000000,230,260,310,370,500,600,760,920,1200,1400,1500,25247,48,230.0,297.2026344876258,8.240930999818374,1460.5537039988121,4506.4160098229495
1776928449,150,,Aggregated,222.700000,0.000000,230,260,310,370,490,600,750,920,1200,1400,1500,25506,48,230.0,297.1619246741982,8.240930999818374,1460.5537039988121,4506.503175723359
1776928450,150,,Aggregated,221.700000,0.000000,230,260,310,370,490,600,750,920,1200,1400,1500,25768,48,230.0,296.91875564204037,8.240930999818374,1460.5537039988121,4506.5895684570005
1776928451,150,,Aggregated,221.500000,0.000000,230,260,310,370,490,600,750,910,1200,1400,1500,26027,48,230.0,296.6316735948089,8.240930999818374,1460.5537039988121,4506.673262381373
1776928452,150,,Aggregated,222.300000,0.000000,230,260,310,370,490,600,750,910,1200,1400,1500,26264,48,230.0,296.59852135569946,8.240930999818374,1460.5537039988121,4506.748400852878
1776928453,150,,Aggregated,227.800000,0.000000,230,260,320,370,490,600,760,910,1200,1400,1500,26486,48,230.0,297.4886726894232,8.240930999818374,1460.5537039988121,4506.817563996074
1776928454,180,,Aggregated,230.200000,0.000000,230,260,320,370,500,610,760,910,1200,1400,1500,26718,48,230.0,298.23726202212305,8.240930999818374,1460.5537039988121,4506.888614417247
1776928455,210,,Aggregated,232.400000,0.000000,230,260,320,370,500,610,760,910,1200,1400,1500,27025,48,230.0,299.5714805833886,8.240930999818374,1460.5537039988121,4506.9807585568915
1776928456,240,,Aggregated,236.800000,0.000000,230,270,330,380,500,620,760,910,1200,1500,1500,27364,48,230.0,300.8142729355385,8.240930999818374,1476.271502999225,4507.080105247771
1776928457,270,,Aggregated,243.400000,0.000000,230,270,330,380,510,620,760,910,1200,1500,1500,27765,48,230.0,301.82476589159194,8.240930999818374,1476.271502999225,4507.194489465154
1776928458,300,,Aggregated,257.500000,0.000000,230,270,330,390,510,630,760,920,1200,1500,1600,28174,48,230.0,303.2636718346721,8.240930999818374,1559.0306310004962,4507.307801519131
1776928459,300,,Aggregated,271.600000,0.000000,230,270,340,390,520,630,760,920,1300,2300,2500,28617,48,230.0,304.92488263504464,8.240930999818374,2498.375056000441,4507.426879127791
1776928459,300,,Aggregated,271.600000,0.000000,230,270,340,390,520,630,760,920,1200,2300,2500,29091,48,230.0,305.8507053994729,8.240930999818374,2498.375056000441,4507.550273280396
1776928460,300,,Aggregated,287.600000,0.000000,230,270,340,390,530,630,760,910,1200,2300,2500,29550,48,230.0,306.3729036264659,8.240930999818374,2498.375056000441,4507.6659898477155
1776928461,300,,Aggregated,339.500000,0.000000,230,270,340,400,530,630,760,910,1200,2300,2500,29989,48,230.0,307.0613161165113,8.240930999818374,2498.375056000441,4507.773350228417
1776928462,300,,Aggregated,387.500000,0.000000,230,270,350,400,530,640,770,920,1200,1600,2500,30390,48,230.0,308.3898972091501,8.240930999818374,2498.375056000441,4507.868706811451
1776928463,300,,Aggregated,403.400000,0.000000,230,270,350,400,540,640,780,950,1200,1600,2500,30821,48,230.0,309.84215342931986,8.240930999818374,2498.375056000441,4507.9684306154895
1776928464,300,,Aggregated,418.000000,0.000000,230,270,350,400,540,650,810,990,1300,1600,2500,31249,48,230.0,311.5410140478437,8.240930999818374,2498.375056000441,4508.064738071618
1776928465,300,,Aggregated,440.300000,0.000000,230,270,350,400,540,650,840,1000,1300,1600,2500,31700,48,230.0,312.76234299091635,8.240930999818374,2498.375056000441,4508.163406940063
1776928466,300,,Aggregated,457.400000,0.000000,230,270,350,410,540,660,840,1000,1300,1600,2500,32141,48,230.0,313.5154371537003,8.240930999818374,2498.375056000441,4508.257210416602
1776928467,300,,Aggregated,476.500000,0.000000,230,270,360,410,540,660,840,1000,1300,1600,2500,32584,48,230.0,314.44117919641826,8.240930999818374,2498.375056000441,4508.348882887307
1776928468,300,,Aggregated,488.900000,0.000000,230,270,360,410,550,670,830,1000,1300,1600,2500,33013,48,230.0,315.60703245861095,8.240930999818374,2498.375056000441,4508.435313361403
1776928469,300,,Aggregated,493.400000,0.000000,230,280,360,410,560,670,830,1000,1300,1600,2500,33437,48,230.0,316.5093857837763,8.240930999818374,2498.375056000441,4508.518557286838
1776928470,300,,Aggregated,497.000000,0.000000,230,280,360,420,560,680,840,1000,1300,1600,2500,33843,48,230.0,317.5407563894192,8.240930999818374,2498.375056000441,4508.596312383654
1776928471,300,,Aggregated,461.000000,0.000000,230,280,360,420,570,680,870,1000,1300,1600,2500,34261,48,230.0,319.0182198861712,8.240930999818374,2498.375056000441,4508.674440325734
1776928472,300,,Aggregated,427.600000,0.000000,230,280,370,420,570,690,880,1000,1300,1600,2500,34738,48,230.0,320.2534530634205,8.240930999818374,2498.375056000441,4508.761298865796
1776928473,300,,Aggregated,425.900000,0.000000,230,280,370,420,570,690,870,1000,1300,1600,2500,35153,48,230.0,320.8669957722276,8.240930999818374,2498.375056000441,4508.834950075385
1776928474,300,,Aggregated,431.800000,0.000000,230,280,370,430,570,690,870,1000,1300,1600,2500,35609,48,230.0,321.611693024183,8.240930999818374,2498.375056000441,4508.913898171811
1776928475,300,,Aggregated,432.000000,0.000000,230,280,370,430,580,690,870,1000,1300,1600,2500,36042,48,230.0,322.13177098971056,8.240930999818374,2498.375056000441,4508.987015148993
1776928476,300,,Aggregated,436.100000,0.000000,230,280,380,430,580,690,870,1000,1300,1600,2500,36486,48,230.0,323.13208915644736,8.240930999818374,2498.375056000441,4509.0601874691665
1776928477,300,,Aggregated,434.400000,0.000000,230,280,380,430,580,690,870,1000,1300,1600,2500,36938,48,230.0,323.61207473428846,8.240930999818374,2498.375056000441,4509.13287129785
1776928478,300,,Aggregated,430.900000,0.000000,230,280,380,440,580,690,860,1000,1300,1600,2500,37402,48,230.0,324.00108108684475,8.240930999818374,2498.375056000441,4509.205657451474
1776928479,300,,Aggregated,435.200000,0.000000,230,280,380,440,580,690,860,1000,1300,1600,2500,37882,48,230.0,324.1284103565063,8.240930999818374,2498.375056000441,4509.279077134259
1776928480,300,,Aggregated,436.400000,0.000000,230,280,380,440,580,690,860,1000,1300,1600,2500,38341,48,230.0,324.38997436102704,8.240930999818374,2498.375056000441,4509.347565269555
1776928481,300,,Aggregated,441.500000,0.000000,230,280,380,440,580,690,850,1000,1300,1600,2500,38821,48,230.0,324.419375200436,8.240930999818374,2498.375056000441,4509.417454470518
1776928482,300,,Aggregated,447.500000,0.000000,230,280,390,440,580,690,850,990,1300,1600,2500,39294,48,230.0,324.8051293140455,8.240930999818374,2498.375056000441,4509.484654145671
1776928483,300,,Aggregated,454.200000,0.000000,230,290,390,440,590,690,850,990,1300,1600,2500,39709,48,230.0,325.21011733461256,8.240930999818374,2498.375056000441,4509.542295197562
1776928484,300,,Aggregated,454.700000,0.000000,230,290,390,440,590,690,850,990,1300,1500,2500,40182,48,230.0,325.60474314521707,8.240930999818374,2498.375056000441,4509.606540241899
1776928485,300,,Aggregated,456.100000,0.000000,230,290,390,440,590,700,840,990,1300,1500,2500,40652,48,230.0,325.8501696278439,8.240930999818374,2498.375056000441,4509.6688969792385
1776928486,300,,Aggregated,455.500000,0.000000,230,290,390,450,590,700,840,990,1300,1500,2500,41085,48,230.0,326.45037787789045,8.240930999818374,2498.375056000441,4509.725082146769
1776928487,300,,Aggregated,457.500000,0.000000,230,290,390,450,590,700,840,980,1300,1500,2500,41545,48,230.0,326.8574723743201,8.240930999818374,2498.375056000441,4509.783487784331
1776928488,300,,Aggregated,458.700000,0.000000,230,290,390,450,590,700,840,980,1300,1500,2500,41986,48,230.0,327.4384727229592,8.240930999818374,2498.375056000441,4509.838279426475
1776928489,300,,Aggregated,457.200000,0.000000,230,290,390,450,590,700,840,980,1300,1500,2500,42441,48,230.0,327.8494849344076,8.240930999818374,2498.375056000441,4509.893617021276
1776928490,300,,Aggregated,456.100000,0.000000,230,290,400,460,590,700,830,980,1300,1500,2500,42870,48,230.0,328.2370280339211,8.240930999818374,2498.375056000441,4509.944716585024
1776928489,300,,Aggregated,457.200000,0.000000,230,290,400,460,600,700,830,970,1200,1500,2500,43310,48,230.0,328.9944698211091,8.240930999818374,2498.375056000441,4509.996074809513
1776928490,300,,Aggregated,456.100000,0.000000,230,290,400,460,600,700,830,970,1200,1500,2500,43754,48,230.0,329.46885739951205,8.240930999818374,2498.375056000441,4510.046852859167
1776928491,300,,Aggregated,454.500000,0.000000,230,290,400,460,600,700,830,970,1200,1500,2500,44181,48,230.0,329.9998528950061,8.240930999818374,2498.375056000441,4510.09472397637
1776928492,300,,Aggregated,482.000000,0.000000,230,290,400,460,600,700,830,970,1200,1500,2500,44619,48,230.0,330.7042016217139,8.240930999818374,2498.375056000441,4510.142876353123
1776928493,300,,Aggregated,508.300000,0.000000,230,290,400,470,600,700,830,970,1200,1500,2500,45067,48,230.0,331.12151927388624,8.240930999818374,2498.375056000441,4510.1911598287
1776928494,300,,Aggregated,505.800000,0.000000,230,290,400,470,610,710,830,970,1200,1500,2500,45504,48,230.0,331.38217659371145,8.240930999818374,2498.375056000441,4510.237341772152
1776928495,300,,Aggregated,504.500000,0.000000,230,290,410,470,610,710,830,970,1200,1500,2500,45966,48,230.0,331.86987047992494,8.240930999818374,2498.375056000441,4510.285210807989
1776928496,300,,Aggregated,503.700000,0.000000,230,300,410,470,610,710,820,960,1200,1500,2500,46418,48,230.0,332.2247608480388,8.240930999818374,2498.375056000441,4510.331121547675
1776928497,300,,Aggregated,502.300000,0.000000,230,300,410,470,610,710,820,960,1200,1500,2500,46883,48,230.0,332.41445401301615,8.240930999818374,2498.375056000441,4510.377428918798
1776928498,300,,Aggregated,504.200000,0.000000,230,300,410,470,610,700,820,960,1200,1500,2500,47371,48,230.0,332.38783303948054,8.240930999818374,2498.375056000441,4510.425049080661
1776928499,300,,Aggregated,504.900000,0.000000,230,300,410,470,610,700,820,960,1200,1500,2500,47835,48,230.0,332.3964771051795,8.240930999818374,2498.375056000441,4510.469426152399
1776928500,300,,Aggregated,507.500000,0.000000,230,300,410,470,610,700,820,960,1200,1500,2500,48283,48,230.0,332.3528409122727,8.240930999818374,2498.375056000441,4510.511463662158
1776928501,300,,Aggregated,510.700000,0.000000,230,300,410,470,610,700,830,970,1200,1500,2500,48699,48,230.0,333.08952298353705,8.240930999818374,2498.375056000441,4510.549805950841
1776928502,300,,Aggregated,481.900000,0.000000,230,300,410,470,610,710,840,990,1200,1500,2500,49038,48,230.0,334.09513684871433,8.240930999818374,2498.375056000441,4510.580570170072
1776928503,300,,Aggregated,451.100000,0.000000,230,300,410,470,610,710,850,1000,1400,1500,2500,49378,48,230.0,335.6766554917018,8.240930999818374,2498.375056000441,4510.611000850581
1776928504,300,,Aggregated,448.800000,0.000000,230,300,410,480,620,720,860,1000,1500,1800,2500,49708,48,230.0,336.97810103830847,8.240930999818374,2498.375056000441,4510.640138408305
1776928505,300,,Aggregated,438.700000,0.000000,240,310,410,480,620,720,870,1000,1700,2200,2500,50031,48,240.0,338.65699009592447,8.240930999818374,2498.375056000441,4510.668285662889
1776928506,300,,Aggregated,427.300000,0.000000,240,310,410,480,620,720,870,1000,2100,2300,2500,50380,48,240.0,340.65165576189406,8.240930999818374,2498.375056000441,4510.698292973402
1776928507,300,,Aggregated,414.700000,0.000000,240,310,420,480,620,730,880,1000,2200,2300,2500,50781,48,240.0,342.4231935314045,8.240930999818374,2498.375056000441,4510.732262066521
1776928508,300,,Aggregated,404.300000,0.000000,240,310,420,480,630,730,900,1100,2100,2300,2500,51165,48,240.0,343.21722514860244,8.240930999818374,2498.375056000441,4510.764291996482
1776928509,300,,Aggregated,393.300000,0.000000,240,310,420,480,630,730,910,1100,2100,2300,2500,51542,48,240.0,344.5223486610966,8.240930999818374,2498.375056000441,4510.795273757324
1776928510,300,,Aggregated,386.800000,0.000000,240,310,420,480,630,740,910,1100,2100,2300,2500,51985,48,240.0,345.25719291282496,8.240930999818374,2498.375056000441,4510.831105126479
1776928511,300,,Aggregated,375.600000,0.000000,240,310,420,490,630,740,920,1100,2100,2300,2500,52387,48,240.0,345.9268786955198,8.240930999818374,2498.375056000441,4510.863095806211
1776928512,300,,Aggregated,370.300000,0.000000,240,310,420,490,640,740,930,1100,2100,2300,2500,52795,48,240.0,346.6583263555484,8.240930999818374,2498.375056000441,4510.895065820627
1776928513,300,,Aggregated,368.700000,0.000000,240,320,420,490,640,750,940,1100,2100,2300,2500,53172,48,240.0,347.6894105251481,8.240930999818374,2498.375056000441,4510.924170616114
1776928514,300,,Aggregated,367.400000,0.000000,240,320,420,490,640,760,950,1100,2100,2300,2500,53590,48,240.0,348.25132426193585,8.240930999818374,2498.375056000441,4510.955961933197
1776928515,300,,Aggregated,373.900000,0.000000,240,320,420,490,640,760,970,1100,2100,2300,2500,54003,48,240.0,348.88502527022746,8.240930999818374,2498.375056000441,4510.986889617244
1776928516,300,,Aggregated,379.000000,0.000000,240,320,430,490,640,760,960,1100,2100,2300,2500,54443,48,240.0,349.3795516321124,8.240930999818374,2498.375056000441,4511.01932296163
1776928517,300,,Aggregated,389.600000,0.000000,240,320,430,490,640,760,960,1100,2100,2300,2500,54880,48,240.0,349.60215849582875,8.240930999818374,2498.375056000441,4511.051020408163
1776928518,300,,Aggregated,396.000000,0.000000,240,320,430,490,650,760,960,1100,2100,2300,2500,55327,48,240.0,349.82859273166935,8.240930999818374,2498.375056000441,4511.082925154084
1776928519,300,,Aggregated,405.400000,0.000000,240,320,430,490,650,770,970,1100,2100,2300,2500,55762,48,240.0,350.07161755910937,8.240930999818374,2498.375056000441,4511.113482299774
1776928520,300,,Aggregated,409.000000,0.000000,240,320,430,490,650,770,970,1100,2100,2300,2500,56193,48,240.0,350.4402661320464,8.240930999818374,2498.375056000441,4511.143291869094
1776928520,300,,Aggregated,409.000000,0.000000,240,320,430,490,650,770,970,1100,2100,2300,2500,56619,48,240.0,350.8577378996648,8.240930999818374,2498.375056000441,4511.172309648705
1776928521,300,,Aggregated,415.200000,0.000000,240,320,430,490,650,780,970,1100,2100,2300,2500,57031,48,240.0,350.97216729421007,8.240930999818374,2498.375056000441,4511.199961424489
1776928522,300,,Aggregated,419.100000,0.000000,240,320,430,490,650,780,990,1100,2100,2300,2500,57458,48,240.0,351.60179125269093,8.240930999818374,2498.375056000441,4511.228201468899
1776928523,300,,Aggregated,443.800000,0.000000,240,320,430,490,650,780,990,1100,2100,2300,2500,57888,48,240.0,352.0038673212946,8.240930999818374,2498.375056000441,4511.256218905472
1776928524,300,,Aggregated,480.400000,0.000000,240,320,430,490,650,780,990,1100,2100,2300,2500,58319,48,240.0,352.22228797031937,8.240930999818374,2498.375056000441,4511.283886897923
1776928525,300,,Aggregated,483.200000,0.000000,240,320,430,490,650,790,1000,1100,2100,2300,2500,58773,48,240.0,352.62798616119744,8.240930999818374,2498.375056000441,4511.3125925169725
1776928526,300,,Aggregated,487.900000,0.000000,240,320,430,490,650,790,1000,1100,2100,2300,2500,59220,48,240.0,352.7273114877583,8.240930999818374,2498.375056000441,4511.340425531915
1776928527,300,,Aggregated,490.300000,0.000000,240,320,430,490,660,790,990,1100,2100,2300,2500,59672,48,240.0,352.90129785805846,8.240930999818374,2498.375056000441,4511.368145864057
1776928528,300,,Aggregated,492.700000,0.000000,240,330,430,490,660,790,990,1100,2100,2300,2500,60129,48,240.0,353.03085182971694,8.240930999818374,2498.375056000441,4511.39574913935
1776928529,300,,Aggregated,494.100000,0.000000,240,330,430,490,650,790,990,1100,2100,2300,2500,60586,48,240.0,352.95615933237224,8.240930999818374,2498.375056000441,4511.422935991814
1776928530,330,,Aggregated,494.600000,0.000000,240,330,430,490,660,790,990,1100,2100,2300,2500,61066,48,240.0,353.2904579626318,8.240930999818374,2498.375056000441,4511.451052959093
1776928531,360,,Aggregated,497.100000,0.000000,240,330,430,490,660,790,990,1100,2100,2300,2500,61588,48,240.0,353.4608194521676,8.240930999818374,2498.375056000441,4511.481132688186
1776928532,390,,Aggregated,498.100000,0.000000,240,330,430,490,660,790,990,1100,2100,2300,2500,62141,48,240.0,353.66064461917404,8.240930999818374,2498.375056000441,4511.512447498431
1776928533,420,,Aggregated,483.700000,0.000000,240,330,430,490,660,790,990,1100,2100,2300,2500,62792,48,240.0,353.9998924967049,8.240930999818374,2498.375056000441,4511.548604917824
1776928534,450,,Aggregated,460.300000,0.000000,240,330,430,490,660,790,990,1100,2100,2300,2500,63457,48,240.0,353.98373608109574,8.240930999818374,2498.375056000441,4511.584773941409
1776928535,450,,Aggregated,476.600000,0.000000,240,330,430,490,660,790,980,1100,2100,2300,2500,64146,48,240.0,354.0952485607533,8.240930999818374,2498.375056000441,4511.621457300533
1776928536,450,,Aggregated,500.400000,0.000000,240,330,430,490,660,790,980,1100,2100,2300,2500,64825,48,240.0,354.1873039963301,8.240930999818374,2498.375056000441,4511.6568453528735
1776928537,450,,Aggregated,522.000000,0.000000,240,330,430,490,660,790,980,1100,2100,2300,2500,65511,48,240.0,354.2528239490939,8.240930999818374,2498.375056000441,4511.691853276549
1776928538,450,,Aggregated,547.300000,0.000000,240,330,440,490,660,790,980,1100,2100,2300,2500,66086,48,240.0,354.64630097739473,8.240930999818374,2498.375056000441,4511.7206367460585
1776928539,450,,Aggregated,569.500000,0.000000,240,330,440,500,670,800,980,1100,2100,2300,2500,66700,48,240.0,355.5621959158942,8.240930999818374,2498.375056000441,4511.750824587706
1776928540,450,,Aggregated,590.000000,0.000000,240,340,440,500,670,810,980,1100,2100,2300,2500,67299,48,240.0,356.56965182965814,8.240930999818374,2498.375056000441,4511.779744126956
1776928541,450,,Aggregated,601.100000,0.000000,240,340,440,500,670,810,980,1100,2100,2300,2500,67963,48,240.0,357.3037193030198,8.240930999818374,2498.375056000441,4511.811206097435
1776928542,450,,Aggregated,614.300000,0.000000,240,340,440,500,680,810,980,1100,2100,2300,2500,68612,48,240.0,357.4359892530185,8.240930999818374,2498.375056000441,4511.84136885676
1776928543,450,,Aggregated,625.200000,0.000000,240,340,440,500,680,810,980,1100,2100,2300,2500,69264,48,240.0,357.6548935400369,8.240930999818374,2498.375056000441,4511.871101871102
1776928544,450,,Aggregated,638.000000,0.000000,240,340,440,500,680,810,980,1100,2100,2300,2500,69940,48,240.0,357.7525554075791,8.240930999818374,2498.375056000441,4511.90134400915
1776928545,450,,Aggregated,645.000000,0.000000,240,340,440,500,680,810,980,1100,2100,2300,2500,70604,48,240.0,357.9735252436271,8.240930999818374,2498.375056000441,4511.930485524899
1776928546,450,,Aggregated,645.400000,0.000000,240,340,440,500,680,810,970,1100,2100,2300,2500,71244,48,240.0,358.29451773217414,8.240930999818374,2498.375056000441,4511.958059626074
1776928547,450,,Aggregated,644.500000,0.000000,240,340,440,500,680,810,970,1100,2100,2300,2500,71931,48,240.0,358.4939334828937,8.240930999818374,2498.375056000441,4511.987112649623
1776928548,450,,Aggregated,640.500000,0.000000,240,340,440,510,680,810,970,1100,2100,2300,2500,72576,48,240.0,358.74001285790075,8.240930999818374,2498.375056000441,4512.013888888889
1776928549,450,,Aggregated,639.600000,0.000000,240,340,440,510,680,800,970,1100,2100,2300,2500,73272,48,240.0,358.78285585804855,8.240930999818374,2498.375056000441,4512.042253521126
1776928550,450,,Aggregated,641.200000,0.000000,240,340,440,510,680,800,970,1100,2100,2300,2500,73934,48,240.0,358.81101349542774,8.240930999818374,2498.375056000441,4512.068736981632
1776928551,450,,Aggregated,649.900000,0.000000,240,340,440,510,680,810,970,1100,2100,2300,2500,74599,48,240.0,358.9315270200931,8.240930999818374,2498.375056000441,4512.094867223421
1776928552,450,,Aggregated,659.600000,0.000000,240,340,440,510,680,810,970,1100,2100,2300,2500,75247,48,240.0,359.20218302174015,8.240930999818374,2498.375056000441,4512.119885178146
1776928552,450,,Aggregated,659.600000,0.000000,240,340,440,510,680,810,970,1100,2100,2300,2500,75888,48,240.0,359.73264813855803,8.240930999818374,2498.375056000441,4512.144212523719
1776928553,450,,Aggregated,664.200000,0.000000,240,340,440,510,680,810,970,1100,2100,2300,2500,76538,48,240.0,360.0340606451817,8.240930999818374,2498.375056000441,4512.16846533748
1776928554,450,,Aggregated,693.700000,0.000000,240,340,450,510,680,810,970,1100,2000,2300,2500,77229,48,240.0,360.033026653303,8.240930999818374,2498.375056000441,4512.19380025638
1776928555,450,,Aggregated,749.200000,0.000000,240,340,450,510,680,810,970,1100,2000,2300,2500,77904,48,240.0,360.05289471027044,8.240930999818374,2498.375056000441,4512.218114602588
1776928556,450,,Aggregated,752.400000,0.000000,240,350,450,510,680,810,970,1100,2000,2300,2500,78580,48,240.0,360.094951347682,8.240930999818374,2498.375056000441,4512.24204632222
1776928557,450,,Aggregated,753.800000,0.000000,240,350,450,510,680,810,970,1100,2000,2300,2500,79251,48,240.0,360.3298284402191,8.240930999818374,2498.375056000441,4512.2653972820535
1776928558,450,,Aggregated,755.600000,0.000000,240,350,450,510,680,810,970,1100,2000,2300,2500,79893,48,240.0,360.47318052525,8.240930999818374,2498.375056000441,4512.287371859863
1776928559,450,,Aggregated,753.000000,0.000000,240,350,450,510,680,810,970,1100,2000,2200,2500,80598,48,240.0,360.4304933942502,8.240930999818374,2498.375056000441,4512.311099531005
1776928560,450,,Aggregated,754.300000,0.000000,240,350,450,510,680,800,960,1100,2000,2200,2500,81293,48,240.0,360.3763610329888,8.240930999818374,2498.375056000441,4512.334087805838
1776928561,450,,Aggregated,757.800000,0.000000,240,350,450,510,680,800,960,1100,2000,2200,2500,81960,48,240.0,360.3537459121363,8.240930999818374,2498.375056000441,4512.355783308931
1776928562,450,,Aggregated,758.100000,0.000000,240,350,450,510,680,800,960,1100,2000,2200,2500,82586,48,240.0,360.55464901683916,8.240930999818374,2498.375056000441,4512.375826411256
1776928563,450,,Aggregated,757.300000,0.000000,240,350,450,510,690,800,960,1100,2000,2200,2500,83160,48,240.0,361.2323291345916,8.240930999818374,2498.375056000441,4512.393939393939
1776928564,450,,Aggregated,726.700000,0.000000,240,350,450,520,690,810,970,1100,2000,2200,2500,83783,48,240.0,362.0527871944379,8.240930999818374,2498.375056000441,4512.413317737489
1776928565,450,,Aggregated,661.200000,0.000000,240,350,450,520,690,810,970,1100,2000,2200,2500,84385,48,240.0,362.54624525370116,8.240930999818374,2498.375056000441,4512.431771049357
1776928566,450,,Aggregated,651.300000,0.000000,240,350,450,520,690,810,980,1100,2000,2200,2500,85015,48,240.0,363.1275570801344,8.240930999818374,2498.375056000441,4512.450802799506
1776928567,450,,Aggregated,644.000000,0.000000,240,350,450,520,690,810,980,1100,2000,2200,2500,85655,48,240.0,363.4613510885604,8.240930999818374,2498.375056000441,4512.4698499795695
1776928568,450,,Aggregated,637.300000,0.000000,240,360,450,520,690,810,980,1100,2000,2200,2500,86293,48,240.0,363.6312537966302,8.240930999818374,2498.375056000441,4512.488556429837
1776928569,450,,Aggregated,639.700000,0.000000,240,360,460,520,690,810,980,1100,2000,2200,2500,86944,48,240.0,363.92833487547927,8.240930999818374,2498.375056000441,4512.507361059993
1776928570,450,,Aggregated,633.900000,0.000000,240,360,460,520,690,810,980,1100,2000,2200,2500,87566,48,240.0,364.3588423995575,8.240930999818374,2498.375056000441,4512.525066806751
1776928571,450,,Aggregated,629.400000,0.000000,240,360,460,520,700,810,980,1100,2000,2200,2500,88193,48,240.0,364.7220095643947,8.240930999818374,2498.375056000441,4512.542662116041
1776928572,450,,Aggregated,623.600000,0.000000,240,360,460,530,700,810,980,1100,2000,2200,2500,88826,48,240.0,365.0384830342994,8.240930999818374,2498.375056000441,4512.56017382298
1776928573,450,,Aggregated,619.500000,0.000000,240,360,460,530,700,810,970,1100,2000,2200,2500,89494,48,240.0,365.2594971618619,8.240930999818374,2498.375056000441,4512.578385143138
1776928574,450,,Aggregated,617.600000,0.000000,240,360,460,530,700,810,970,1100,2000,2200,2500,90153,48,240.0,365.34925910386437,8.240930999818374,2498.375056000441,4512.59608665269
1776928575,450,,Aggregated,627.700000,0.000000,240,360,460,530,700,810,970,1100,2000,2200,2500,90826,48,240.0,365.4397671993784,8.240930999818374,2498.375056000441,4512.613899103781
1776928576,450,,Aggregated,632.700000,0.000000,240,360,460,530,700,810,970,1100,1900,2200,2500,91472,48,240.0,365.6118456667583,8.240930999818374,2498.375056000441,4512.630750393563
1776928577,450,,Aggregated,641.400000,0.000000,240,360,460,530,700,810,970,1100,1900,2200,2500,92116,48,240.0,365.68577624885756,8.240930999818374,2498.375056000441,4512.647314255938
1776928578,450,,Aggregated,644.500000,0.000000,240,360,460,530,700,810,970,1100,1900,2200,2500,92764,48,240.0,366.0591970669737,8.240930999818374,2498.375056000441,4512.663748868095
1776928579,450,,Aggregated,644.700000,0.000000,240,360,460,530,700,810,970,1100,1800,2200,2500,93415,48,240.0,366.1763631055156,8.240930999818374,2498.375056000441,4512.680029973773
1776928580,450,,Aggregated,644.800000,0.000000,240,360,460,530,700,820,970,1100,1800,2200,2500,94038,48,240.0,366.4412829431263,8.240930999818374,2498.375056000441,4512.695399732023
1776928581,450,,Aggregated,644.400000,0.000000,240,360,460,530,700,820,970,1100,1800,2200,2500,94701,48,240.0,366.793591334534,8.240930999818374,2498.375056000441,4512.711534197105
1776928582,450,,Aggregated,645.500000,0.000000,250,360,460,530,700,820,970,1100,1800,2200,2500,95367,48,250.0,366.7445177116065,8.240930999818374,2498.375056000441,4512.727515807354
1776928583,450,,Aggregated,645.900000,0.000000,250,360,460,530,700,820,970,1100,1800,2200,2500,96010,48,250.0,366.9426076612517,8.240930999818374,2498.375056000441,4512.742735131757
1776928582,450,,Aggregated,645.500000,0.000000,250,360,460,530,700,820,970,1100,1800,2200,2500,96653,48,250.0,367.17160364272945,8.240930999818374,2498.375056000441,4512.757751958035
1776928583,450,,Aggregated,645.900000,0.000000,250,360,460,530,700,820,970,1100,1800,2200,2500,97273,48,250.0,367.28110257053567,8.240930999818374,2498.375056000441,4512.772043629784
1776928584,450,,Aggregated,651.600000,0.000000,250,360,460,530,710,820,980,1100,1800,2200,2500,97967,48,250.0,367.65055128383824,8.240930999818374,2498.375056000441,4512.787826513009
1776928585,450,,Aggregated,673.000000,0.000000,250,360,460,530,710,820,980,1100,1800,2200,2500,98605,48,250.0,367.7639433754662,8.240930999818374,2498.375056000441,4512.80213985092
1776928586,450,,Aggregated,733.800000,0.000000,250,360,460,530,710,820,980,1100,1800,2200,2500,99260,48,250.0,367.93573575723167,8.240930999818374,2498.375056000441,4512.816643159379
1776928587,450,,Aggregated,735.600000,0.000000,250,360,460,530,710,820,980,1100,1800,2200,2500,99921,48,250.0,367.9871390884572,8.240930999818374,2498.375056000441,4512.831086558381
1776928588,450,,Aggregated,736.400000,0.000000,250,360,460,530,710,820,980,1100,1800,2200,2500,100568,48,250.0,368.1002983662074,8.240930999818374,2498.375056000441,4512.845040171824
1776928589,450,,Aggregated,735.700000,0.000000,250,360,460,530,710,820,980,1100,1800,2200,2500,101212,48,250.0,368.3303336277384,8.240930999818374,2498.375056000441,4512.858751926649
1776928590,450,,Aggregated,740.300000,0.000000,250,360,470,540,710,820,980,1100,1800,2200,2500,101813,48,250.0,368.6855654275843,8.240930999818374,2498.375056000441,4512.87139166904
1776928591,450,,Aggregated,738.800000,0.000000,250,360,470,540,710,820,980,1100,1800,2200,2500,102433,48,250.0,369.08499634101923,8.240930999818374,2498.375056000441,4512.884275575254
1776928593,450,,Aggregated,739.400000,0.000000,250,360,470,540,710,830,980,1100,1800,2200,2500,103060,48,250.0,369.4761932292414,8.240930999818374,2498.375056000441,4512.897147292839
1776928594,450,,Aggregated,729.500000,0.000000,250,360,470,540,710,830,980,1100,1800,2200,2500,103735,48,250.0,369.57302888911795,8.240930999818374,2498.375056000441,4512.910830481515
1776928595,450,,Aggregated,704.900000,0.000000,250,360,470,540,710,830,980,1100,1800,2200,2500,104397,48,250.0,369.68652233094497,8.240930999818374,2498.375056000441,4512.924078278112
1776928596,450,,Aggregated,646.000000,0.000000,250,360,470,540,710,830,970,1100,1800,2200,2500,105045,48,250.0,369.7922211386036,8.240930999818374,2498.375056000441,4512.936884192489
1776928597,450,,Aggregated,642.100000,0.000000,250,360,470,540,710,830,970,1100,1800,2200,2500,105717,48,250.0,369.8833532008446,8.240930999818374,2498.375056000441,4512.949998581117
1776928598,450,,Aggregated,643.000000,0.000000,250,360,470,540,710,830,970,1100,1800,2200,2500,106375,48,250.0,369.8952839395326,8.240930999818374,2498.375056000441,4512.96267920094
1776928599,450,,Aggregated,644.100000,0.000000,250,360,470,540,710,830,970,1100,1800,2200,2500,107065,48,250.0,369.9860957954306,8.240930999818374,2498.375056000441,4512.975809087937
1776928600,450,,Aggregated,641.700000,0.000000,250,360,470,540,710,830,970,1100,1800,2200,2500,107728,48,250.0,369.99484704991977,8.240930999818374,2498.375056000441,4512.988266745879
1776928601,450,,Aggregated,647.600000,0.000000,250,360,470,540,710,830,970,1100,1800,2200,2500,108390,48,250.0,370.0139921874779,8.240930999818374,2498.375056000441,4513.0005535566015
1776928602,450,,Aggregated,649.400000,0.000000,250,360,470,540,710,830,970,1100,1800,2200,2500,109057,48,250.0,370.0090859291627,8.240930999818374,2498.375056000441,4513.0127823065
1776928603,450,,Aggregated,654.900000,0.000000,250,360,470,540,710,830,970,1100,1800,2200,2500,109735,48,250.0,370.0278776509653,8.240930999818374,2498.375056000441,4513.025060372716
1776928604,450,,Aggregated,660.500000,0.000000,250,360,470,540,710,830,970,1100,1800,2200,2500,110422,48,250.0,370.07081109360206,8.240930999818374,2498.375056000441,4513.037347630001
1776928605,450,,Aggregated,664.900000,0.000000,250,360,470,540,710,830,970,1100,1800,2200,2500,111103,48,250.0,369.9471450283043,8.240930999818374,2498.375056000441,4513.049377604565
1776928606,450,,Aggregated,666.000000,0.000000,250,360,470,540,710,830,970,1100,1800,2200,2500,111746,48,250.0,370.0990941834666,8.240930999818374,2498.375056000441,4513.0606017217615
1776928607,480,,Aggregated,667.200000,0.000000,250,360,470,540,710,830,970,1100,1800,2200,2500,112491,48,250.0,370.1448119900134,8.240930999818374,2498.375056000441,4513.07344587567
1776928608,510,,Aggregated,667.600000,0.000000,250,360,470,540,710,830,970,1100,1700,2200,2500,113253,48,250.0,369.987879392498,8.240930999818374,2498.375056000441,4513.086408307065
1776928609,540,,Aggregated,673.700000,0.000000,250,360,470,540,710,830,970,1100,1700,2200,2500,114056,48,250.0,369.9535755325065,8.240930999818374,2498.375056000441,4513.099880760328
1776928610,570,,Aggregated,686.300000,0.000000,250,360,470,540,710,830,970,1100,1800,2200,2500,114886,48,250.0,370.06818176962946,8.240930999818374,2498.375056000441,4513.113608272549
1776928611,600,,Aggregated,695.500000,0.000000,250,360,470,540,710,830,970,1100,1700,2200,2500,115787,48,250.0,370.0087120633382,8.240930999818374,2498.375056000441,4513.1282872861375
1776928612,600,,Aggregated,712.300000,0.000000,250,360,460,540,710,830,970,1100,1700,2200,2500,116703,48,250.0,369.9759015899915,8.240930999818374,2498.375056000441,4513.142978329606
1776928613,600,,Aggregated,736.900000,0.000000,250,360,460,540,710,830,970,1100,1700,2200,2500,117583,48,250.0,370.0100799198846,8.240930999818374,2498.375056000441,4513.156876419211
1776928614,600,,Aggregated,759.900000,0.000000,250,360,460,540,720,840,970,1100,1700,2200,2500,118486,48,250.0,370.0980821964862,8.240930999818374,2498.375056000441,4513.170923147039
1776928615,600,,Aggregated,781.600000,0.000000,250,360,460,540,720,830,970,1100,1700,2200,2500,119388,48,250.0,370.1979465982666,8.240930999818374,2498.375056000441,4513.184742185144
1776928614,600,,Aggregated,759.900000,0.000000,250,360,460,540,720,830,970,1100,1700,2200,2500,120248,48,250.0,370.0989412149542,8.240930999818374,2498.375056000441,4513.197724702282
1776928615,600,,Aggregated,781.600000,0.000000,250,360,470,540,720,840,970,1100,1700,2200,2500,121113,48,250.0,370.3702706326052,8.240930999818374,2498.375056000441,4513.210596715464
1776928616,600,,Aggregated,828.500000,0.000000,250,360,460,540,720,830,970,1100,1700,2200,2500,122020,48,250.0,370.40897982925514,8.240930999818374,2498.375056000441,4513.223897721685
1776928617,600,,Aggregated,934.000000,0.000000,250,360,470,540,720,830,970,1100,1700,2200,2500,122922,48,250.0,370.27043528066366,8.240930999818374,2498.375056000441,4513.236930736564
1776928618,600,,Aggregated,967.900000,0.000000,250,360,470,540,720,830,970,1100,1700,2200,2500,123818,48,250.0,370.2066400413501,8.240930999818374,2498.375056000441,4513.249689059749
1776928619,600,,Aggregated,983.900000,0.000000,250,360,470,540,720,830,960,1100,1700,2200,2500,124755,48,250.0,370.13589293488764,8.240930999818374,2498.375056000441,4513.262835156907
1776928620,600,,Aggregated,999.500000,0.000000,250,360,470,540,720,830,960,1100,1700,2200,2500,125679,48,250.0,369.9114926659508,8.240930999818374,2498.375056000441,4513.275606903301
1776928621,600,,Aggregated,1009.500000,0.000000,250,360,470,540,710,830,960,1100,1700,2200,2500,126601,48,250.0,369.8427365606829,8.240930999818374,2498.375056000441,4513.28816518037
1776928622,600,,Aggregated,1022.000000,0.000000,250,360,470,540,710,830,960,1100,1700,2200,2500,127338,48,250.0,369.93890594390535,8.240930999818374,2498.375056000441,4513.298072845498
1776928623,600,,Aggregated,1020.700000,0.000000,250,360,470,540,720,830,970,1100,1700,2200,2500,128152,48,250.0,370.7052911568687,8.240930999818374,2498.375056000441,4513.308883201199
1776928624,600,,Aggregated,1015.400000,0.000000,250,360,470,540,720,830,970,1100,1700,2200,2500,128974,48,250.0,371.23331002267975,8.240930999818374,2498.375056000441,4513.319661327089
1776928625,600,,Aggregated,1002.400000,0.000000,250,360,470,540,720,830,980,1100,1700,2200,2500,129792,48,250.0,371.5566749017125,8.240930999818374,2498.375056000441,4513.33025147929
1776928626,600,,Aggregated,969.200000,0.000000,250,360,470,540,720,840,980,1100,1700,2200,2500,130692,48,250.0,371.8044791833634,8.240930999818374,2498.375056000441,4513.341750068864
1776928627,600,,Aggregated,878.400000,0.000000,250,360,470,540,720,840,980,1100,1700,2200,2500,131604,48,250.0,371.75257681527313,8.240930999818374,2498.375056000441,4513.35324154281
1776928628,600,,Aggregated,863.300000,0.000000,250,360,470,540,720,830,980,1100,1700,2200,2500,132545,48,250.0,371.6439820476913,8.240930999818374,2498.375056000441,4513.364932664378
1776928629,600,,Aggregated,863.200000,0.000000,250,360,470,540,720,830,970,1100,1700,2200,2500,133448,48,250.0,371.5086674027571,8.240930999818374,2498.375056000441,4513.375996642887
1776928630,600,,Aggregated,860.900000,0.000000,250,360,470,540,720,830,970,1100,1700,2200,2500,134331,48,250.0,371.4976635631464,8.240930999818374,2498.375056000441,4513.386671728789
1776928631,600,,Aggregated,864.500000,0.000000,250,360,470,540,720,830,970,1100,1700,2200,2500,135179,48,250.0,371.65476254030574,8.240930999818374,2498.375056000441,4513.396792401187
1776928632,600,,Aggregated,860.700000,0.000000,250,360,470,540,720,840,970,1100,1700,2200,2500,136097,48,250.0,371.78879037292546,8.240930999818374,2498.375056000441,4513.407606339596
1776928633,600,,Aggregated,857.500000,0.000000,250,360,470,540,720,840,970,1100,1700,2200,2500,136977,48,250.0,371.73986001516283,8.240930999818374,2498.375056000441,4513.417836571103
1776928634,600,,Aggregated,858.600000,0.000000,250,360,470,540,720,840,980,1100,1700,2200,2500,137871,48,250.0,371.98176725413725,8.240930999818374,2498.375056000441,4513.428095828709
1776928635,600,,Aggregated,871.700000,0.000000,250,360,470,540,720,840,980,1100,1700,2200,2500,138788,48,250.0,371.7958619616908,8.240930999818374,2498.375056000441,4513.438481713117
1776928636,600,,Aggregated,876.800000,0.000000,250,360,470,540,720,840,970,1100,1700,2200,2500,139687,48,250.0,371.7737829174096,8.240930999818374,2498.375056000441,4513.448531359396
1776928637,600,,Aggregated,883.300000,0.000000,250,360,470,540,720,840,970,1100,1700,2200,2500,140543,48,250.0,371.8150733206718,8.240930999818374,2498.375056000441,4513.457980831489
1776928638,600,,Aggregated,890.600000,0.000000,250,360,470,540,720,840,970,1100,1700,2200,2500,141428,48,250.0,371.91217958611514,8.240930999818374,2498.375056000441,4513.467630172243
1776928639,600,,Aggregated,889.400000,0.000000,250,360,470,540,720,840,970,1100,1700,2200,2500,142342,48,250.0,372.0586905295358,8.240930999818374,2498.375056000441,4513.47746975594
1776928640,600,,Aggregated,887.500000,0.000000,250,360,470,540,720,840,970,1100,1700,2200,2500,143235,48,250.0,372.0312898716105,8.240930999818374,2498.375056000441,4513.486961985548
1776928641,600,,Aggregated,882.100000,0.000000,250,360,470,540,720,830,970,1100,1700,2200,2500,144186,48,250.0,371.80730295114034,8.240930999818374,2498.375056000441,4513.496941450626
1776928642,600,,Aggregated,873.600000,0.000000,250,360,470,540,720,830,970,1100,1700,2200,2500,145089,48,250.0,371.73268298734064,8.240930999818374,2498.375056000441,4513.506296135475
1776928643,600,,Aggregated,885.500000,0.000000,250,360,470,540,720,830,970,1100,1700,2200,2500,145969,48,250.0,371.64485625380183,8.240930999818374,2498.375056000441,4513.515301194089
1776928644,600,,Aggregated,892.700000,0.000000,250,360,470,540,720,830,970,1100,1700,2200,2500,146851,48,250.0,371.7209639123952,8.240930999818374,2498.375056000441,4513.5242184254785
1776928645,600,,Aggregated,892.700000,0.000000,250,360,470,540,720,830,970,1100,1700,2200,2500,147728,48,250.0,371.82662253606736,8.240930999818374,2498.375056000441,4513.532979529947
1776928645,600,,Aggregated,892.700000,0.000000,250,360,470,540,720,830,970,1100,1700,2200,2500,148642,48,250.0,371.72569381583355,8.240930999818374,2498.375056000441,4513.542000242192
1776928646,600,,Aggregated,893.500000,0.000000,250,360,470,540,720,830,970,1100,1700,2200,2500,149551,48,250.0,371.64084383200475,8.240930999818374,2498.375056000441,4513.550862247661
1776928647,600,,Aggregated,908.500000,0.000000,250,360,470,540,720,830,970,1100,1700,2200,2500,150492,48,250.0,371.4443015186991,8.240930999818374,2498.375056000441,4513.55992345108
1776928648,600,,Aggregated,1002.300000,0.000000,250,360,470,540,720,830,970,1100,1700,2200,2500,151380,48,250.0,371.3901357094269,8.240930999818374,2498.375056000441,4513.56837098692
1776928649,600,,Aggregated,1025.200000,0.000000,250,360,470,540,720,830,970,1100,1700,2200,2500,152346,48,250.0,371.2389497144395,8.240930999818374,2498.375056000441,4513.577448702296
1776928650,600,,Aggregated,1030.500000,0.000000,250,360,470,540,720,830,970,1100,1700,2200,2500,153237,48,250.0,371.10902750022467,8.240930999818374,2498.375056000441,4513.58572015897
1776928651,600,,Aggregated,1033.600000,0.000000,250,360,470,540,720,830,970,1100,1700,2200,2500,154100,48,250.0,371.2040066306483,8.240930999818374,2498.375056000441,4513.593640493186
1776928652,600,,Aggregated,1043.900000,0.000000,250,360,470,550,720,830,970,1100,1700,2200,2500,154964,48,250.0,371.2939781862806,8.240930999818374,2498.375056000441,4513.601481634444
1776928653,600,,Aggregated,1030.400000,0.000000,250,360,470,550,720,830,970,1100,1700,2200,2500,155868,48,250.0,371.40272617337587,8.240930999818374,2498.375056000441,4513.609592732312
1776928654,600,,Aggregated,1022.700000,0.000000,250,360,470,540,720,830,960,1100,1700,2200,2500,156828,48,250.0,371.18608425988737,8.240930999818374,2498.375056000441,4513.618103910016
1776928655,600,,Aggregated,1023.200000,0.000000,250,360,470,540,720,830,960,1100,1700,2200,2500,157766,48,250.0,371.0948795578173,8.240930999818374,2498.375056000441,4513.626319992901
1776928656,600,,Aggregated,1027.300000,0.000000,250,360,470,540,720,830,960,1100,1700,2200,2500,158548,48,250.0,371.408886263211,8.240930999818374,2498.375056000441,4513.633095340212
1776928657,600,,Aggregated,1015.800000,0.000000,250,360,470,540,720,830,960,1100,1700,2200,2500,159497,48,250.0,371.27967053750604,8.240930999818374,2498.375056000441,4513.641228361662
1776928658,600,,Aggregated,914.400000,0.000000,250,360,470,540,720,830,960,1100,1700,2200,2500,160362,48,250.0,371.15934928354966,8.240930999818374,2498.375056000441,4513.648557638343
1776928659,600,,Aggregated,893.000000,0.000000,250,360,470,540,720,830,960,1100,1700,2200,2500,161308,48,250.0,371.04806124621035,8.240930999818374,2498.375056000441,4513.656483249436
1776928660,600,,Aggregated,891.700000,0.000000,250,360,470,540,720,830,960,1100,1700,2200,2500,162237,48,250.0,370.97336532706294,8.240930999818374,2498.375056000441,4513.664176482554
1776928661,600,,Aggregated,890.200000,0.000000,250,360,470,540,720,830,960,1100,1700,2200,2500,163138,48,250.0,370.89052895449083,8.240930999818374,2498.375056000441,4513.671554144344
1776928662,600,,Aggregated,889.900000,0.000000,250,360,470,540,720,830,960,1100,1700,2200,2500,164008,48,250.0,370.82137343264174,8.240930999818374,2498.375056000441,4513.678601043852
1776928663,600,,Aggregated,894.600000,0.000000,250,360,470,540,720,830,960,1100,1700,2200,2500,164941,48,250.0,370.83971122129526,8.240930999818374,2498.375056000441,4513.686075627043
1776928664,600,,Aggregated,901.400000,0.000000,250,360,470,540,720,830,960,1100,1700,2200,2500,165860,48,250.0,370.78214475137844,8.240930999818374,2498.375056000441,4513.693355842277
1776928665,600,,Aggregated,900.200000,0.000000,250,360,470,540,720,830,960,1100,1700,2200,2500,166782,48,250.0,370.66943957649255,8.240930999818374,2498.375056000441,4513.700579199194
1776928666,600,,Aggregated,899.300000,0.000000,250,360,470,540,720,830,960,1100,1700,2200,2500,167635,48,250.0,370.6535408026281,8.240930999818374,2498.375056000441,4513.707191219018
1776928667,600,,Aggregated,899.200000,0.000000,250,360,470,540,720,830,960,1100,1700,2200,2500,168531,48,250.0,370.70977245041286,8.240930999818374,2498.375056000441,4513.714064474785
1776928668,600,,Aggregated,906.600000,0.000000,250,360,470,540,720,830,960,1100,1700,2200,2500,169512,48,250.0,370.65840934796717,8.240930999818374,2498.375056000441,4513.721506442022
1776928669,600,,Aggregated,901.900000,0.000000,250,360,470,540,720,830,960,1100,1700,2200,2500,170413,48,250.0,370.5310511238321,8.240930999818374,2498.375056000441,4513.7282660360415
1776928670,600,,Aggregated,902.500000,0.000000,250,350,470,540,720,830,960,1100,1700,2200,2500,171289,48,250.0,370.4648787866208,8.240930999818374,2498.375056000441,4513.73476989182
1776928671,600,,Aggregated,904.500000,0.000000,250,360,470,540,720,830,960,1100,1700,2200,2500,172152,48,250.0,370.5836673184775,8.240930999818374,2498.375056000441,4513.741112505228
1776928672,600,,Aggregated,903.700000,0.000000,250,360,470,540,720,830,960,1100,1700,2200,2500,173031,48,250.0,370.73701036646275,8.240930999818374,2498.375056000441,4513.747507672036
1776928673,600,,Aggregated,899.900000,0.000000,250,360,470,540,720,830,960,1100,1700,2200,2500,173930,48,250.0,370.7720725589564,8.240930999818374,2498.375056000441,4513.753981486805
1776928674,600,,Aggregated,894.100000,0.000000,250,360,470,540,720,830,960,1100,1700,2200,2500,174834,48,250.0,370.7499035355725,8.240930999818374,2498.375056000441,4513.760424173788
1776928675,600,,Aggregated,895.800000,0.000000,250,350,470,540,720,830,960,1100,1700,2200,2500,175741,48,250.0,370.6711840496654,8.240930999818374,2498.375056000441,4513.766821629557
1776928676,600,,Aggregated,890.700000,0.000000,250,360,470,540,720,830,960,1100,1700,2200,2500,176609,48,250.0,370.7807407037028,8.240930999818374,2498.375056000441,4513.772882469183
1776928676,600,,Aggregated,890.700000,0.000000,250,350,470,540,720,830,960,1100,1700,2200,2500,177586,48,250.0,370.60652148797334,8.240930999818374,2498.375056000441,4513.77963352967
1776928677,600,,Aggregated,891.600000,0.000000,250,350,470,540,720,830,950,1100,1700,2200,2500,178521,48,250.0,370.46870939149073,8.240930999818374,2498.375056000441,4513.786025173509
1776928678,600,,Aggregated,905.200000,0.000000,250,350,470,540,720,830,950,1000,1700,2200,2500,179487,48,250.0,370.2102102168032,8.240930999818374,2498.375056000441,4513.792558792558
1776928679,600,,Aggregated,1000.700000,0.000000,250,350,470,540,720,830,950,1000,1700,2200,2500,180453,48,250.0,369.9571683416035,8.240930999818374,2498.375056000441,4513.799022460142
1776928680,600,,Aggregated,1029.000000,0.000000,250,350,470,540,720,820,950,1000,1700,2200,2500,181376,48,250.0,369.8541819801213,8.240930999818374,2498.375056000441,4513.8051340860975
1776928681,600,,Aggregated,1035.000000,0.000000,250,350,470,540,720,830,950,1000,1700,2200,2500,182275,48,250.0,369.75546338532723,8.240930999818374,2498.375056000441,4513.811027293924
1776928682,600,,Aggregated,1034.700000,0.000000,250,350,470,540,710,830,950,1000,1600,2200,2500,183128,48,250.0,369.76586603872994,8.240930999818374,2498.375056000441,4513.816565462409
1776928683,570,,Aggregated,1040.700000,0.000000,250,350,470,540,720,830,950,1100,1600,2200,2500,183915,48,250.0,369.9937637023596,8.240930999818374,2498.375056000441,4513.821629557132
1776928684,540,,Aggregated,1040.300000,0.000000,250,350,470,540,720,830,960,1100,1600,2200,2500,184715,48,250.0,370.12181053450706,8.240930999818374,2498.375056000441,4513.826733075278
1776928685,510,,Aggregated,1031.000000,0.000000,250,350,470,540,710,830,960,1100,1600,2200,2500,185502,48,250.0,370.1877287317911,8.240930999818374,2498.375056000441,4513.831710709319
1776928686,480,,Aggregated,1024.500000,0.000000,250,350,470,540,710,830,960,1100,1600,2200,2500,186231,48,250.0,370.1382440473855,8.240930999818374,2498.375056000441,4513.836283969908
1776928687,450,,Aggregated,1008.500000,0.000000,250,350,470,540,710,830,960,1100,1600,2200,2500,186976,48,250.0,370.00430515517877,8.240930999818374,2498.375056000441,4513.840920759883
1776928688,420,,Aggregated,976.700000,0.000000,250,350,460,540,710,830,960,1100,1600,2200,2500,187677,48,250.0,369.7799273324631,8.240930999818374,2498.375056000441,4513.845250083921
1776928689,390,,Aggregated,872.300000,0.000000,250,350,460,540,710,830,960,1100,1600,2200,2500,188302,48,250.0,369.54663859753396,8.240930999818374,2498.375056000441,4513.849082856263
1776928690,360,,Aggregated,820.800000,0.000000,250,350,460,540,710,830,960,1100,1600,2200,2500,188921,48,250.0,369.3682358566009,8.240930999818374,2498.375056000441,4513.852853838377
1776928691,330,,Aggregated,788.900000,0.000000,250,350,460,540,710,820,960,1100,1600,2200,2500,189493,48,250.0,369.10367041457823,8.240930999818374,2498.375056000441,4513.85631659217
1776928692,300,,Aggregated,759.400000,0.000000,250,350,460,540,710,820,960,1100,1600,2200,2500,189988,48,250.0,368.92224203830574,8.240930999818374,2498.375056000441,4513.859296376613
1776928693,270,,Aggregated,726.300000,0.000000,250,350,460,540,710,820,960,1100,1600,2200,2500,190455,48,250.0,368.727910676724,8.240930999818374,2498.375056000441,4513.862093407892
1776928694,240,,Aggregated,692.900000,0.000000,250,350,460,540,710,820,960,1100,1600,2200,2500,190904,48,250.0,368.455834576256,8.240930999818374,2498.375056000441,4513.864769727193
1776928695,210,,Aggregated,659.600000,0.000000,250,350,460,540,710,820,960,1100,1600,2200,2500,191299,48,250.0,368.17833155246785,8.240930999818374,2498.375056000441,4513.867113785226
1776928696,180,,Aggregated,626.500000,0.000000,250,350,460,540,710,820,960,1100,1600,2200,2500,191639,48,250.0,367.93175244259527,8.240930999818374,2498.375056000441,4513.869123716989
1776928697,150,,Aggregated,590.400000,0.000000,250,350,460,540,710,820,960,1100,1600,2200,2500,191923,48,250.0,367.71238229506383,8.240930999818374,2498.375056000441,4513.870797142604
1776928698,150,,Aggregated,552.300000,0.000000,250,350,460,540,710,820,960,1100,1600,2200,2500,192218,48,250.0,367.48820474689444,8.240930999818374,2498.375056000441,4513.872530148061
1776928699,150,,Aggregated,508.100000,0.000000,250,350,460,530,710,820,960,1100,1600,2200,2500,192500,48,250.0,367.2727438809329,8.240930999818374,2498.375056000441,4513.874181818182
1776928700,150,,Aggregated,466.600000,0.000000,250,350,460,530,710,820,950,1100,1600,2200,2500,192785,48,250.0,367.0579471649019,8.240930999818374,2498.375056000441,4513.875846149856
1776928701,150,,Aggregated,430.600000,0.000000,250,350,460,530,710,820,950,1100,1600,2200,2500,193072,48,250.0,366.85326603208955,8.240930999818374,2498.375056000441,4513.877517195658
1776928702,150,,Aggregated,397.200000,0.000000,250,340,460,530,710,820,950,1100,1600,2200,2500,193358,48,250.0,366.6403819970448,8.240930999818374,2498.375056000441,4513.879177484252
1776928703,150,,Aggregated,367.600000,0.000000,250,340,460,530,710,820,950,1100,1600,2200,2500,193646,48,250.0,366.42530924445947,8.240930999818374,2498.375056000441,4513.88084442746
1776928704,150,,Aggregated,343.100000,0.000000,250,340,460,530,710,820,950,1100,1600,2200,2500,193937,48,250.0,366.2075908837546,8.240930999818374,2498.375056000441,4513.882523706152
1776928705,150,,Aggregated,324.500000,0.000000,250,340,460,530,710,820,950,1100,1600,2200,2500,194252,82,250.0,365.957841354152,1.2253940003574826,2498.375056000441,4513.094073677491
1776928706,150,,Aggregated,307.000000,0.000000,250,340,460,530,710,820,950,1100,1600,2200,2500,194472,96,250.0,365.8883963478019,1.2253940003574826,2498.375056000441,4512.771195853387
1776928707,150,,Aggregated,294.500000,0.000000,250,340,450,530,710,820,950,1100,1600,2200,2500,194750,96,250.0,365.69113572687974,1.2253940003574826,2498.375056000441,4512.774377406932
1776928707,150,,Aggregated,307.000000,0.000000,250,340,450,530,710,820,950,1100,1600,2200,2500,195035,96,250.0,365.4883224938895,1.2253940003574826,2498.375056000441,4512.777629656215
1776928708,150,,Aggregated,285.300000,4.800000,250,340,450,530,710,820,950,1100,1600,2200,2500,195318,96,250.0,365.2869740036802,1.2253940003574826,2498.375056000441,4512.780849691273
1776928709,150,,Aggregated,281.500000,4.800000,250,340,450,530,710,820,950,1100,1600,2200,2500,195600,96,250.0,365.10138523370057,1.2253940003574826,2498.375056000441,4512.784049079754
1776928710,150,,Aggregated,310.200000,4.800000,250,340,450,530,710,820,950,1100,1600,2200,2500,195895,96,250.0,364.90215483797834,1.2253940003574826,2498.375056000441,4512.787386099696
1776928711,150,,Aggregated,320.100000,4.800000,250,340,450,530,710,820,950,1100,1600,2200,2500,196144,96,250.0,364.7723297802362,1.2253940003574826,2498.375056000441,4512.790194958806
1776928712,150,,Aggregated,319.700000,4.800000,250,340,450,530,710,820,950,1100,1600,2200,2500,196430,96,250.0,364.622346965869,1.2253940003574826,2498.375056000441,4512.793412411546
1776928713,150,,Aggregated,316.900000,4.800000,250,340,450,530,710,820,950,1100,1600,2200,2500,196694,96,250.0,364.46468591124074,1.2253940003574826,2498.375056000441,4512.796374063266
1776928714,150,,Aggregated,317.100000,4.800000,250,340,450,530,710,820,950,1100,1600,2200,2500,196978,96,250.0,364.27124260019633,1.2253940003574826,2498.375056000441,4512.799551218918
1776928715,150,,Aggregated,314.900000,4.800000,250,340,450,530,710,820,950,1100,1600,2200,2500,197272,96,250.0,364.0764214336575,1.2253940003574826,2498.375056000441,4512.802830609514
1776928716,150,,Aggregated,314.600000,4.800000,250,340,450,530,710,820,950,1100,1600,2200,2500,197551,96,250.0,363.8819303437055,1.2253940003574826,2498.375056000441,4512.805933657638
1776928717,150,,Aggregated,314.400000,4.800000,250,340,450,530,700,820,950,1100,1600,2200,2500,197831,96,250.0,363.6928067702601,1.2253940003574826,2498.375056000441,4512.809039028261
1776928718,150,,Aggregated,317.700000,0.000000,250,340,450,520,700,820,950,1100,1600,2200,2500,198114,96,250.0,363.5166735369091,1.2253940003574826,2498.375056000441,4512.812168751325
1776928719,150,,Aggregated,317.600000,0.000000,250,340,450,520,700,820,950,1100,1600,2200,2500,198381,96,250.0,363.34537916976535,1.2253940003574826,2498.375056000441,4512.815113342507
1776928720,150,,Aggregated,287.600000,0.000000,250,340,450,520,700,820,950,1100,1600,2200,2500,198668,96,250.0,363.15949309591053,1.2253940003574826,2498.375056000441,4512.818269676042
1776928721,150,,Aggregated,277.300000,0.000000,250,330,450,520,700,820,950,1100,1600,2200,2500,198934,96,250.0,362.98090729808536,1.2253940003574826,2498.375056000441,4512.821186926317
1776928722,150,,Aggregated,276.800000,0.000000,250,330,450,520,700,820,950,1100,1600,2200,2500,199219,96,250.0,362.821319394156,1.2253940003574826,2498.375056000441,4512.824303906756
1776928723,150,,Aggregated,278.700000,0.000000,250,330,450,520,700,820,950,1100,1600,2200,2500,199496,96,250.0,362.66575831459966,1.2253940003574826,2498.375056000441,4512.827324858644
1776928724,150,,Aggregated,277.500000,0.000000,250,330,450,520,700,820,950,1100,1600,2200,2500,199763,96,250.0,362.5074054371146,1.2253940003574826,2498.375056000441,4512.8302288211535
1776928725,150,,Aggregated,278.400000,0.000000,250,330,440,520,700,820,950,1100,1600,2200,2500,200037,96,250.0,362.3647755951763,1.2253940003574826,2498.375056000441,4512.833200857841
1776928726,150,,Aggregated,277.100000,0.000000,250,330,440,520,700,820,950,1100,1600,2200,2500,200320,96,250.0,362.17967563782605,1.2253940003574826,2498.375056000441,4512.83626198083
1776928727,150,,Aggregated,276.000000,0.000000,250,330,440,520,700,820,950,1100,1600,2200,2500,200609,96,250.0,361.98859392467034,1.2253940003574826,2498.375056000441,4512.839379090669
1776928728,150,,Aggregated,275.700000,0.000000,250,330,440,520,700,820,950,1100,1600,2200,2500,200898,96,250.0,361.79964175156124,1.2253940003574826,2498.375056000441,4512.842487232327
1776928729,150,,Aggregated,276.300000,0.000000,250,330,440,520,700,820,950,1100,1600,2200,2500,201160,96,250.0,361.6401870916103,1.2253940003574826,2498.375056000441,4512.8452972758005
1776928730,150,,Aggregated,277.100000,0.000000,250,330,440,520,700,820,950,1100,1600,2200,2500,201438,96,250.0,361.4970145332676,1.2253940003574826,2498.375056000441,4512.848270931999
1776928731,150,,Aggregated,276.800000,0.000000,250,330,440,520,700,820,950,1100,1600,2200,2500,201704,96,250.0,361.32718107367367,1.2253940003574826,2498.375056000441,4512.851108555111
1776928732,150,,Aggregated,275.400000,0.000000,250,330,440,520,700,820,950,1000,1600,2200,2500,201996,96,250.0,361.14450018142554,1.2253940003574826,2498.375056000441,4512.85421493495
1776928733,150,,Aggregated,276.300000,0.000000,250,330,440,520,700,820,950,1000,1600,2200,2500,202291,96,250.0,360.96265381798116,1.2253940003574826,2498.375056000441,4512.85734412307
1776928734,150,,Aggregated,277.500000,0.000000,250,330,440,520,700,820,950,1000,1600,2200,2500,202570,96,250.0,360.7803942743996,1.2253940003574826,2498.375056000441,4512.860295206595
1776928735,150,,Aggregated,278.500000,0.000000,250,330,440,520,700,820,950,1000,1600,2200,2500,202855,96,250.0,360.60426406631467,1.2253940003574826,2498.375056000441,4512.863301372902
1776928736,150,,Aggregated,279.800000,0.000000,250,330,440,520,700,820,950,1000,1600,2200,2500,203138,96,250.0,360.44217004937667,1.2253940003574826,2498.375056000441,4512.866278096663
1776928737,150,,Aggregated,281.400000,0.000000,250,330,440,520,700,820,950,1000,1600,2200,2500,203414,96,250.0,360.2688520481987,1.2253940003574826,2498.375056000441,4512.86917321325
1776928738,150,,Aggregated,280.400000,0.000000,250,330,440,520,700,820,950,1000,1600,2200,2500,203701,96,250.0,360.0920802238544,1.2253940003574826,2498.375056000441,4512.872175394328
1776928739,150,,Aggregated,280.000000,0.000000,250,330,440,520,700,820,950,1000,1600,2200,2500,203997,96,250.0,359.89848911598887,1.2253940003574826,2498.375056000441,4512.875262871513
1776928738,150,,Aggregated,280.400000,0.000000,250,330,440,510,700,810,950,1000,1600,2200,2500,204289,96,250.0,359.70890074096104,1.2253940003574826,2498.375056000441,4512.8782998595125
1776928739,150,,Aggregated,280.000000,0.000000,250,330,440,510,700,810,950,1000,1600,2200,2500,204563,96,250.0,359.56996999402725,1.2253940003574826,2498.375056000441,4512.881141750952
1776928740,150,,Aggregated,280.900000,0.000000,250,320,440,510,700,810,950,1000,1600,2200,2500,204829,96,250.0,359.42462405818617,1.2253940003574826,2498.375056000441,4512.8838933940015
1776928741,150,,Aggregated,308.200000,0.000000,250,320,440,510,700,810,950,1000,1600,2200,2500,205105,96,250.0,359.2706372599119,1.2253940003574826,2498.375056000441,4512.886740937569
1776928742,150,,Aggregated,322.100000,0.000000,250,320,430,510,700,810,950,1000,1600,2200,2500,205352,96,250.0,359.1903331599655,1.2253940003574826,2498.375056000441,4512.889282792474
1776928743,150,,Aggregated,321.600000,0.000000,250,320,430,510,700,810,950,1000,1600,2200,2500,205605,96,250.0,359.1358829555321,1.2253940003574826,2498.375056000441,4512.891880061283
1776928744,150,,Aggregated,319.800000,0.000000,250,320,430,510,700,810,950,1000,1600,2200,2500,205857,96,250.0,359.0228344358034,1.2253940003574826,2498.375056000441,4512.894460717877
1776928745,150,,Aggregated,315.700000,0.000000,250,320,430,510,700,810,950,1000,1600,2200,2500,206135,96,250.0,358.91939557730706,1.2253940003574826,2498.375056000441,4512.897300312902
1776928746,150,,Aggregated,312.200000,0.000000,250,320,430,510,700,810,940,1000,1600,2200,2500,206411,96,250.0,358.79495988452777,1.2253940003574826,2498.375056000441,4512.900111912641
1776928747,150,,Aggregated,309.200000,0.000000,250,320,430,510,700,810,940,1000,1600,2200,2500,206681,96,250.0,358.63841611059746,1.2253940003574826,2498.375056000441,4512.902855124564
1776928748,150,,Aggregated,309.300000,0.000000,250,320,430,510,700,810,940,1000,1600,2200,2500,206953,96,250.0,358.47880071377705,1.2253940003574826,2498.375056000441,4512.905611419018
1776928749,150,,Aggregated,308.300000,0.000000,250,320,430,510,700,810,940,1000,1600,2200,2500,207235,96,250.0,358.3071782839213,1.2253940003574826,2498.375056000441,4512.908461408546
1776928750,150,,Aggregated,307.100000,0.000000,250,320,430,510,700,810,940,1000,1600,2200,2500,207504,96,250.0,358.1521054019845,1.2253940003574826,2498.375056000441,4512.911172796669
1776928751,150,,Aggregated,279.700000,0.000000,250,320,430,510,700,810,940,1000,1600,2200,2500,207789,96,250.0,357.99842503857934,1.2253940003574826,2498.375056000441,4512.914037797958
1776928752,150,,Aggregated,267.000000,0.000000,240,320,430,510,700,810,940,1000,1600,2200,2500,208065,96,240.0,357.8361029819449,1.2253940003574826,2498.375056000441,4512.91680484464
1776928753,150,,Aggregated,265.800000,0.000000,240,320,430,510,690,810,940,1000,1600,2200,2500,208342,96,240.0,357.6751588520246,1.2253940003574826,2498.375056000441,4512.919574545699
1776928754,150,,Aggregated,267.600000,0.000000,240,320,430,510,690,810,940,1000,1600,2200,2500,208633,96,240.0,357.50533986047066,1.2253940003574826,2498.375056000441,4512.922476310076
1776928755,150,,Aggregated,271.100000,0.000000,240,320,430,510,690,810,940,1000,1600,2200,2500,208911,96,240.0,357.3367771291919,1.2253940003574826,2498.375056000441,4512.925240892055
